image_id,title,keyword,source_website,image_url,local_file_path
pinterest_future_city_000,park,park,Pinterest,https://i.pinimg.com/60x60/e5/2c/0b/e52c0ba70947b11296f9c8275c29cf57.jpg,E:\python work\cora-data\photos1\pinterest_future_city_000.jpg
pinterest_future_city_001,park,park,Pinterest,https://i.pinimg.com/60x60/39/fa/85/39fa855c3bfd55deae79e77d701efd84.jpg,E:\python work\cora-data\photos1\pinterest_future_city_001.jpg
pinterest_future_city_002,park,park,Pinterest,https://i.pinimg.com/60x60/01/74/28/0174283f73ddc7462b23a12b2a0b53fc.jpg,E:\python work\cora-data\photos1\pinterest_future_city_002.jpg
pinterest_future_city_003,park,park,Pinterest,https://i.pinimg.com/60x60/6d/9b/c0/6d9bc0e35b8c5aeaee23686dde7f5657.jpg,E:\python work\cora-data\photos1\pinterest_future_city_003.jpg
pinterest_future_city_004,park,park,Pinterest,https://i.pinimg.com/60x60/47/bd/43/47bd439343b40289426e74acaee7eea1.jpg,E:\python work\cora-data\photos1\pinterest_future_city_004.jpg
pinterest_future_city_005,park,park,Pinterest,https://i.pinimg.com/60x60/e0/7c/e5/e07ce58c9d5dd599b7068a7c7754bd13.jpg,E:\python work\cora-data\photos1\pinterest_future_city_005.jpg
pinterest_future_city_006,park,park,Pinterest,https://i.pinimg.com/60x60/a0/83/30/a0833057192462823f48cc3d96f0c188.jpg,E:\python work\cora-data\photos1\pinterest_future_city_006.jpg
pinterest_future_city_007,park,park,Pinterest,https://i.pinimg.com/60x60/a1/96/f7/a196f7f2adca4e9fa3727e82380325d2.jpg,E:\python work\cora-data\photos1\pinterest_future_city_007.jpg
pinterest_future_city_008,park,park,Pinterest,https://i.pinimg.com/60x60/d7/ac/5b/d7ac5b94fac269adea17340e1dbdd09e.jpg,E:\python work\cora-data\photos1\pinterest_future_city_008.jpg
pinterest_future_city_009,park,park,Pinterest,https://i.pinimg.com/60x60/37/4d/f8/374df8a25179c78e649c9f41003d19b0.jpg,E:\python work\cora-data\photos1\pinterest_future_city_009.jpg
pinterest_future_city_010,park,park,Pinterest,https://i.pinimg.com/60x60/7d/a4/db/7da4dbe609480f55e098272f72fa426a.jpg,E:\python work\cora-data\photos1\pinterest_future_city_010.jpg
pinterest_future_city_011,park,park,Pinterest,https://i.pinimg.com/60x60/19/85/89/1985897f724220795cb248204a1ab6b1.jpg,E:\python work\cora-data\photos1\pinterest_future_city_011.jpg
pinterest_future_city_012,park,park,Pinterest,https://i.pinimg.com/60x60/11/b5/fc/11b5fc19586a24554cc8346e4d348234.jpg,E:\python work\cora-data\photos1\pinterest_future_city_012.jpg
pinterest_future_city_013,park,park,Pinterest,https://i.pinimg.com/60x60/de/1c/1d/de1c1d21eb35eeac75cdf5746dcd13bf.jpg,E:\python work\cora-data\photos1\pinterest_future_city_013.jpg
pinterest_future_city_014,park,park,Pinterest,https://i.pinimg.com/60x60/5b/5a/f4/5b5af4872fa9ae3fddfe19cc272be71d.jpg,E:\python work\cora-data\photos1\pinterest_future_city_014.jpg
pinterest_future_city_015,park,park,Pinterest,https://i.pinimg.com/60x60/4f/3a/ad/4f3aad432db971d749993dd4f16ebeec.jpg,E:\python work\cora-data\photos1\pinterest_future_city_015.jpg
pinterest_future_city_016,park,park,Pinterest,https://i.pinimg.com/60x60/6d/2b/bb/6d2bbb536b10863eff16bbb6fd65daf9.jpg,E:\python work\cora-data\photos1\pinterest_future_city_016.jpg
pinterest_future_city_017,park,park,Pinterest,https://i.pinimg.com/60x60/48/2c/f8/482cf8a953657d8d84b5e24c42c577ef.jpg,E:\python work\cora-data\photos1\pinterest_future_city_017.jpg
pinterest_future_city_018,park,park,Pinterest,https://i.pinimg.com/60x60/ab/85/64/ab8564015e6d5362a830439d3c0635ee.jpg,E:\python work\cora-data\photos1\pinterest_future_city_018.jpg
pinterest_future_city_019,park,park,Pinterest,https://i.pinimg.com/60x60/b3/c2/ec/b3c2ec989b64521ce723452a0c541f36.jpg,E:\python work\cora-data\photos1\pinterest_future_city_019.jpg
pinterest_future_city_020,park,park,Pinterest,https://i.pinimg.com/60x60/43/b3/dd/43b3dd12b3e15b5f9f1eb4b65c063285.jpg,E:\python work\cora-data\photos1\pinterest_future_city_020.jpg
pinterest_future_city_021,park,park,Pinterest,https://i.pinimg.com/60x60/10/fe/a2/10fea200ca52921054627e72214a3991.jpg,E:\python work\cora-data\photos1\pinterest_future_city_021.jpg
pinterest_future_city_022,park,park,Pinterest,https://i.pinimg.com/60x60/61/d7/9e/61d79e477bf16b00910770a45dd04cc3.jpg,E:\python work\cora-data\photos1\pinterest_future_city_022.jpg
pinterest_future_city_023,park,park,Pinterest,https://i.pinimg.com/60x60/74/c8/03/74c803b0e7286b4752984e7930cb53e5.jpg,E:\python work\cora-data\photos1\pinterest_future_city_023.jpg
pinterest_future_city_024,park,park,Pinterest,https://i.pinimg.com/60x60/e5/d6/7e/e5d67e259f8198237d193df307c50ca1.jpg,E:\python work\cora-data\photos1\pinterest_future_city_024.jpg
pinterest_future_city_025,park,park,Pinterest,https://i.pinimg.com/736x/16/ee/8c/16ee8c3a4d4e0fbff6e80c799ea4b8c3.jpg,E:\python work\cora-data\photos1\pinterest_future_city_025.jpg
pinterest_future_city_026,park,park,Pinterest,https://i.pinimg.com/170x/e0/bd/c7/e0bdc7413db06a64e8e5732c6c800181.jpg,E:\python work\cora-data\photos1\pinterest_future_city_026.jpg
pinterest_future_city_027,park,park,Pinterest,https://i.pinimg.com/170x/22/af/90/22af900aff2c3632e13635da8aadd2ed.jpg,E:\python work\cora-data\photos1\pinterest_future_city_027.jpg
pinterest_future_city_028,park,park,Pinterest,https://i.pinimg.com/736x/8a/6c/b8/8a6cb83735a5b18f6a405f229cb174af.jpg,E:\python work\cora-data\photos1\pinterest_future_city_028.jpg
pinterest_future_city_029,park,park,Pinterest,https://i.pinimg.com/170x/78/5f/a9/785fa91f6a622ec109cddad38111e337.jpg,E:\python work\cora-data\photos1\pinterest_future_city_029.jpg
pinterest_future_city_030,park,park,Pinterest,https://i.pinimg.com/170x/1e/3a/96/1e3a9690186f5a8bd21ceae87e9c0c69.jpg,E:\python work\cora-data\photos1\pinterest_future_city_030.jpg
pinterest_future_city_031,a park bench sitting next to a river,park,Pinterest,https://i.pinimg.com/originals/60/6b/12/606b12665f2967d216ff12616ba47e7a.png,E:\python work\cora-data\photos1\pinterest_future_city_031.jpg
pinterest_future_city_032,park,park,Pinterest,https://i.pinimg.com/originals/81/c6/99/81c699913519b259fa15d9747f806019.jpg,E:\python work\cora-data\photos1\pinterest_future_city_032.jpg
pinterest_future_city_033,birds are sitting on the grass by the water and in the distance is a park,park,Pinterest,https://i.pinimg.com/originals/71/20/f5/7120f5b4fc8ba1f696c698df43e2ea9d.jpg,E:\python work\cora-data\photos1\pinterest_future_city_033.jpg
pinterest_future_city_034,people are sitting on the grass under trees,park,Pinterest,https://i.pinimg.com/originals/e9/97/54/e99754d9b871ec9c8dd52f0675b85932.heic,E:\python work\cora-data\photos1\pinterest_future_city_034.jpg
pinterest_future_city_035,"a park with trees and people walking on the grass in the distance, during the day",park,Pinterest,https://i.pinimg.com/originals/ec/bc/2f/ecbc2f3b0d1caef95f0afacd603d978f.heic,E:\python work\cora-data\photos1\pinterest_future_city_035.jpg
pinterest_future_city_036,a wooden walkway leading to the beach with trees on both sides and water in the background,park,Pinterest,https://i.pinimg.com/originals/f6/d5/6f/f6d56facff5fa3313713ecf9cda72131.jpg,E:\python work\cora-data\photos1\pinterest_future_city_036.jpg
pinterest_future_city_037,the sun is setting behind some trees in a park with cobblestone walkways,park,Pinterest,https://i.pinimg.com/originals/04/46/f4/0446f49ed9254fbd1c70ee31136256bf.jpg,E:\python work\cora-data\photos1\pinterest_future_city_037.jpg
pinterest_future_city_038,“Beautiful calm nature scenery with greenery and peaceful vibes”,park,Pinterest,https://i.pinimg.com/originals/b2/05/a0/b205a0bfc6931110f190795d8c3fe753.jpg,E:\python work\cora-data\photos1\pinterest_future_city_038.jpg
pinterest_future_city_039,people are sitting on benches near the water and in the distance is a park with trees,park,Pinterest,https://i.pinimg.com/originals/55/18/2b/55182b3b2dba43b176274aa9a9a3bc35.jpg,E:\python work\cora-data\photos1\pinterest_future_city_039.jpg
pinterest_future_city_040,an aerial view of a park with a fountain in the center and lots of trees around it,park,Pinterest,https://i.pinimg.com/originals/49/e9/21/49e921d899dacf3a00ccd4718fe6ed64.jpg,E:\python work\cora-data\photos1\pinterest_future_city_040.jpg
pinterest_future_city_041,a field full of flowers and clouds in the sky,park,Pinterest,https://i.pinimg.com/originals/60/bc/dd/60bcddd0260d14ca5fef90d2566d78a0.jpg,E:\python work\cora-data\photos1\pinterest_future_city_041.jpg
pinterest_future_city_042,a park bench sitting in the middle of a lush green field next to a tree,park,Pinterest,https://i.pinimg.com/originals/89/c2/76/89c2764914ec79f95b01115bbc804042.jpg,E:\python work\cora-data\photos1\pinterest_future_city_042.jpg
pinterest_future_city_043,people are sitting on the grass in a park,park,Pinterest,https://i.pinimg.com/originals/c1/8b/2c/c18b2c650df9fb8a2d75d03c1a94aff6.jpg,E:\python work\cora-data\photos1\pinterest_future_city_043.jpg
pinterest_future_city_044,a park bench sitting under a tree next to a lake with green grass and trees in the background,park,Pinterest,https://i.pinimg.com/originals/d3/04/08/d30408611595d834d744c0a46b89840d.heic,E:\python work\cora-data\photos1\pinterest_future_city_044.jpg
pinterest_future_city_045,a green playground with slides and climbing equipment on artificial grass in front of a blue sky,park,Pinterest,https://i.pinimg.com/originals/d2/de/f4/d2def44ed50c22261853fdeca1e2d39e.jpg,E:\python work\cora-data\photos1\pinterest_future_city_045.jpg
pinterest_future_city_046,an empty path in the middle of a park,park,Pinterest,https://i.pinimg.com/originals/b4/48/fc/b448fcc05fcf93b32820917aa60372d3.jpg,E:\python work\cora-data\photos1\pinterest_future_city_046.jpg
pinterest_future_city_047,a park bench sitting on the side of a road next to a tree filled park,park,Pinterest,https://i.pinimg.com/originals/1f/cf/1c/1fcf1ccdf3816a3b7a825232447a4966.jpg,E:\python work\cora-data\photos1\pinterest_future_city_047.jpg
pinterest_future_city_048,people walking down a path in the park on a sunny day with green grass and trees,park,Pinterest,https://i.pinimg.com/originals/6e/77/07/6e7707e83a12f55c9f3a0a4027532c75.heic,E:\python work\cora-data\photos1\pinterest_future_city_048.jpg
pinterest_future_city_049,several people sitting on the grass in a park with stone walls and steps leading up to them,park,Pinterest,https://i.pinimg.com/originals/2a/5f/ec/2a5fec228e02b984af5d9aaa6be6f51a.jpg,E:\python work\cora-data\photos1\pinterest_future_city_049.jpg
pinterest_future_city_050,a brick path in the middle of a park with trees and grass on both sides,park,Pinterest,https://i.pinimg.com/originals/20/a6/24/20a624b90533a984393a24dc5d5faef9.jpg,E:\python work\cora-data\photos1\pinterest_future_city_050.jpg
pinterest_future_city_051,two red park benches sitting under blooming trees,park,Pinterest,https://i.pinimg.com/originals/01/b7/d8/01b7d88043d7ec77e10b4687d9113082.jpg,E:\python work\cora-data\photos1\pinterest_future_city_051.jpg
pinterest_future_city_052,an empty park path with benches and trees,park,Pinterest,https://i.pinimg.com/originals/b8/f4/af/b8f4af77fc1e7f64e1baf3839a0c9405.jpg,E:\python work\cora-data\photos1\pinterest_future_city_052.jpg
pinterest_future_city_053,a park filled with lots of trees and flowers next to a walkway covered in pink flowers,park,Pinterest,https://i.pinimg.com/originals/38/1e/3a/381e3aaee2cffc64e2c8b0d846b42791.png,E:\python work\cora-data\photos1\pinterest_future_city_053.jpg
pinterest_future_city_054,a small stream running through a lush green field next to a tree with white flowers,park,Pinterest,https://i.pinimg.com/originals/17/40/68/174068111e8c5a3247e847b27506a347.jpg,E:\python work\cora-data\photos1\pinterest_future_city_054.jpg
pinterest_future_city_055,people are sitting on the grass in a park with trees and buildings in the background,park,Pinterest,https://i.pinimg.com/originals/ec/46/f2/ec46f29932bb7368bc17bfe2013b0b93.jpg,E:\python work\cora-data\photos1\pinterest_future_city_055.jpg
pinterest_future_city_056,a park bench sitting on top of a lush green field next to a lake in the background,park,Pinterest,https://i.pinimg.com/originals/04/27/ed/0427ed557f5716924f6922c477faefd5.jpg,E:\python work\cora-data\photos1\pinterest_future_city_056.jpg
pinterest_future_city_057,many people are walking around in the park near trees with yellow leaves on them and one person is taking pictures,park,Pinterest,https://i.pinimg.com/originals/33/7d/ff/337dffc35da3fd03ec3585709c3885b6.jpg,E:\python work\cora-data\photos1\pinterest_future_city_057.jpg
pinterest_future_city_058,"people are sitting on the grass in a park with trees and benches, while one person is reading",park,Pinterest,https://i.pinimg.com/originals/b1/97/21/b197214c31258c5134a7eaa8d664d676.jpg,E:\python work\cora-data\photos1\pinterest_future_city_058.jpg
pinterest_future_city_059,a row of park benches sitting next to each other on a sidewalk near trees with pink flowers,park,Pinterest,https://i.pinimg.com/originals/07/34/33/073433adae48097d32f3675d4436254e.jpg,E:\python work\cora-data\photos1\pinterest_future_city_059.jpg
pinterest_future_city_060,people are walking through the park on a sunny day,park,Pinterest,https://i.pinimg.com/originals/89/bb/93/89bb936cd249457c38a64ecacc349afa.jpg,E:\python work\cora-data\photos1\pinterest_future_city_060.jpg
pinterest_future_city_061,Amazing #Amsterdam #nature #park #tree #citytour #marishkaguide,park,Pinterest,https://i.pinimg.com/originals/c7/81/b4/c781b46543c8071b2468112edce0892b.jpg,E:\python work\cora-data\photos1\pinterest_future_city_061.jpg
pinterest_future_city_062,people sitting on the grass in a park,park,Pinterest,https://i.pinimg.com/originals/4b/60/6d/4b606de07109560f40eb9b81111d15b4.jpg,E:\python work\cora-data\photos1\pinterest_future_city_062.jpg
pinterest_future_city_063,a park bench sitting in the middle of a lush green field next to a tree,park,Pinterest,https://i.pinimg.com/originals/fd/fc/d2/fdfcd2ef7ac10a5f7f734280431560c9.jpg,E:\python work\cora-data\photos1\pinterest_future_city_063.jpg
pinterest_future_city_064,a wooden bench surrounded by flowers and greenery in a park or garden with roses growing all around it,park,Pinterest,https://i.pinimg.com/originals/74/24/47/742447f65dc9f4efe799882761712c51.jpg,E:\python work\cora-data\photos1\pinterest_future_city_064.jpg
pinterest_future_city_065,a wooden bench sitting next to a tree in a lush green park filled with flowers,park,Pinterest,https://i.pinimg.com/originals/51/2a/8c/512a8cc839b926a6f19681a10468b304.webp,E:\python work\cora-data\photos1\pinterest_future_city_065.jpg
pinterest_future_city_066,an empty sidewalk surrounded by trees and grass,park,Pinterest,https://i.pinimg.com/originals/b9/da/9b/b9da9ba46ffcb8f3828ff00cdca46616.jpg,E:\python work\cora-data\photos1\pinterest_future_city_066.jpg
pinterest_future_city_067,an old stone bridge over a small stream in the middle of a park with flowers and trees,park,Pinterest,https://i.pinimg.com/originals/06/7d/e2/067de2d59c4a58889bc367a03a263f46.png,E:\python work\cora-data\photos1\pinterest_future_city_067.jpg
pinterest_future_city_068,the sun shines brightly through the trees and grass,park,Pinterest,https://i.pinimg.com/originals/23/c9/9b/23c99b67c6584f16cfdf07b1aa9b0627.jpg,E:\python work\cora-data\photos1\pinterest_future_city_068.jpg
pinterest_future_city_069,an empty park bench in the middle of trees with leaves on the ground around it,park,Pinterest,https://i.pinimg.com/originals/d5/bd/4e/d5bd4eb765f54b99e7889b1a64e6c031.jpg,E:\python work\cora-data\photos1\pinterest_future_city_069.jpg
pinterest_future_city_070,a small stream running through a lush green park next to a tree and bench on the other side,park,Pinterest,https://i.pinimg.com/originals/1b/c5/3d/1bc53d68b4245796d4f14cb139ba5503.jpg,E:\python work\cora-data\photos1\pinterest_future_city_070.jpg
pinterest_future_city_071,a lamp post sitting in the middle of a park filled with lots of pink flowers,park,Pinterest,https://i.pinimg.com/originals/a1/bc/26/a1bc26115bf0dc9278a9ce7a36936278.jpg,E:\python work\cora-data\photos1\pinterest_future_city_071.jpg
pinterest_future_city_072,a park bench sitting on top of a lush green field next to a lake and forest,park,Pinterest,https://i.pinimg.com/originals/bc/96/ee/bc96ee447760add75371ef541d896682.jpg,E:\python work\cora-data\photos1\pinterest_future_city_072.jpg
pinterest_future_city_073,"people sitting on the grass in a park with trees and blue sky behind them,",park,Pinterest,https://i.pinimg.com/originals/02/3b/86/023b8678d0e06c4ea951d0488e553232.jpg,E:\python work\cora-data\photos1\pinterest_future_city_073.jpg
pinterest_future_city_074,two people are sitting on a bench in the park near some trees with white flowers,park,Pinterest,https://i.pinimg.com/originals/66/24/2c/66242c496ac74fae573aff81f3fb28d8.jpg,E:\python work\cora-data\photos1\pinterest_future_city_074.jpg
pinterest_future_city_075,a walkway in the middle of a park lined with trees,park,Pinterest,https://i.pinimg.com/originals/f0/da/f1/f0daf15a5b39bc73ec4dcd8cd70c6cd4.jpg,E:\python work\cora-data\photos1\pinterest_future_city_075.jpg
pinterest_future_city_076,people are sitting on benches in the park with skyscrapers in the backround,park,Pinterest,https://i.pinimg.com/originals/42/ac/fd/42acfd6d35a6beec9c1fff08d74fd722.jpg,E:\python work\cora-data\photos1\pinterest_future_city_076.jpg
pinterest_future_city_077,several people sitting on the grass in a park,park,Pinterest,https://i.pinimg.com/originals/28/f7/9e/28f79eb25276595e9f281143270ef610.jpg,E:\python work\cora-data\photos1\pinterest_future_city_077.jpg
pinterest_future_city_078,"the park is full of green grass and trees, with water in the foreground",park,Pinterest,https://i.pinimg.com/originals/82/53/f3/8253f37bc3cb1868ebf9e3fc32ba673e.jpg,E:\python work\cora-data\photos1\pinterest_future_city_078.jpg
pinterest_future_city_079,an empty walkway in the middle of a park,park,Pinterest,https://i.pinimg.com/originals/06/33/f9/0633f9264404c5f1e9abc82eb5bd1512.jpg,E:\python work\cora-data\photos1\pinterest_future_city_079.jpg
pinterest_future_city_080,an empty park with benches and trees lining the path,park,Pinterest,https://i.pinimg.com/originals/5a/4e/5c/5a4e5c2d0a12c42e10cf192bca52f6db.jpg,E:\python work\cora-data\photos1\pinterest_future_city_080.jpg
pinterest_future_city_081,a tree lined path in a park with pink flowers on the trees and green grass,park,Pinterest,https://i.pinimg.com/originals/6f/00/0e/6f000e4c993523b5d8c0096ed9ca12f6.jpg,E:\python work\cora-data\photos1\pinterest_future_city_081.jpg
pinterest_future_city_082,a park bench sitting on the side of a tree lined road next to a lush green field,park,Pinterest,https://i.pinimg.com/originals/66/2f/9e/662f9e6b0a7dd3063661c2e92d18ba2d.jpg,E:\python work\cora-data\photos1\pinterest_future_city_082.jpg
pinterest_future_city_083,"two park benches sitting on the side of a path near trees and grass, with sunlight streaming through the trees",park,Pinterest,https://i.pinimg.com/originals/cd/df/d4/cddfd426049fb398ae831ba626ae2f6b.jpg,E:\python work\cora-data\photos1\pinterest_future_city_083.jpg
pinterest_future_city_084,a row of park benches sitting next to each other on a sidewalk in front of trees,park,Pinterest,https://i.pinimg.com/originals/27/dc/58/27dc58b8f39f6491f06fe591c418a0d2.jpg,E:\python work\cora-data\photos1\pinterest_future_city_084.jpg
pinterest_future_city_085,a park bench sitting on the side of a brick road in front of some trees,park,Pinterest,https://i.pinimg.com/originals/b0/9d/ff/b09dff152f8088c867bdd42223b94e4d.jpg,E:\python work\cora-data\photos1\pinterest_future_city_085.jpg
pinterest_future_city_086,a wooden bridge over a small pond filled with water lilies and other flowers in the background,park,Pinterest,https://i.pinimg.com/originals/d8/0f/bc/d80fbc66587941e9eb3e9cf3adfbff7d.webp,E:\python work\cora-data\photos1\pinterest_future_city_086.jpg
pinterest_future_city_087,a park bench sitting under a tree filled with pink flowers,park,Pinterest,https://i.pinimg.com/originals/8c/23/a0/8c23a06382408b0cd7fe424e341365e2.jpg,E:\python work\cora-data\photos1\pinterest_future_city_087.jpg
pinterest_future_city_088,a wooden bench sitting on top of a stone walkway next to a lush green park,park,Pinterest,https://i.pinimg.com/originals/dd/c6/a2/ddc6a2c580f17a58aca895fdf866449a.jpg,E:\python work\cora-data\photos1\pinterest_future_city_088.jpg
pinterest_future_city_089,a park bench sitting on top of a brick walkway next to trees and green grass,park,Pinterest,https://i.pinimg.com/originals/23/b9/13/23b91358a4a3259e9c32a813822cfe5a.jpg,E:\python work\cora-data\photos1\pinterest_future_city_089.jpg
pinterest_future_city_090,a dog riding on top of a roller coaster,park,Pinterest,https://i.pinimg.com/originals/b7/22/a7/b722a77162fb1c797ae0d3bcad5a562a.jpg,E:\python work\cora-data\photos1\pinterest_future_city_090.jpg
pinterest_future_city_091,people sitting on the grass in a park under a blue sky with white fluffy clouds,park,Pinterest,https://i.pinimg.com/originals/8c/0d/00/8c0d0034e74b24dc19dde0affd6e6c68.jpg,E:\python work\cora-data\photos1\pinterest_future_city_091.jpg
pinterest_future_city_092,"an empty park with trees and grass in the foreground, on a sunny day",park,Pinterest,https://i.pinimg.com/originals/6d/76/ce/6d76ce2f418fb44aadfa93ed40f7508f.heic,E:\python work\cora-data\photos1\pinterest_future_city_092.jpg
pinterest_future_city_093,an empty path in the middle of a park at night with street lamps on either side,park,Pinterest,https://i.pinimg.com/originals/55/d3/e6/55d3e683c2e7a70d9c7628dfe7bc6967.heic,E:\python work\cora-data\photos1\pinterest_future_city_093.jpg
pinterest_future_city_094,two park benches sitting on the side of a road next to trees and green grass,park,Pinterest,https://i.pinimg.com/originals/76/40/cd/7640cdbf59cc3c87849c7be1222d2c2c.jpg,E:\python work\cora-data\photos1\pinterest_future_city_094.jpg
pinterest_future_city_095,many people are sitting on the grass in a park,park,Pinterest,https://i.pinimg.com/originals/80/2f/a5/802fa5641b68d955a28db27c52cc92e5.jpg,E:\python work\cora-data\photos1\pinterest_future_city_095.jpg
pinterest_future_city_096,a park bench sitting next to a lamp post in the middle of a tree filled park,park,Pinterest,https://i.pinimg.com/originals/6e/ee/da/6eeeda1788b57e2b5a613fe78b3e1098.jpg,E:\python work\cora-data\photos1\pinterest_future_city_096.jpg
pinterest_future_city_097,two park benches sitting on top of a lush green forest filled with trees and bushes,park,Pinterest,https://i.pinimg.com/originals/53/05/75/53057513bfac8ee61a234f4a400e1106.jpg,E:\python work\cora-data\photos1\pinterest_future_city_097.jpg
pinterest_future_city_098,an empty sidewalk in the middle of a park with lots of trees on both sides,park,Pinterest,https://i.pinimg.com/originals/a6/b7/61/a6b7618f69d4542fbaca93d6c1c9caa0.jpg,E:\python work\cora-data\photos1\pinterest_future_city_098.jpg
pinterest_future_city_099,a park path with trees and grass on both sides,park,Pinterest,https://i.pinimg.com/originals/9a/86/29/9a8629f281cc73a8aa63458236d7a698.jpg,E:\python work\cora-data\photos1\pinterest_future_city_099.jpg
pinterest_future_city_100,a small river running through a lush green park,park,Pinterest,https://i.pinimg.com/originals/6a/a1/c0/6aa1c0d782e4e28b65d1a0ec4f07ee79.jpg,E:\python work\cora-data\photos1\pinterest_future_city_100.jpg
pinterest_future_city_101,park,park,Pinterest,https://i.pinimg.com/originals/5a/3b/75/5a3b75a9ed3a59d3c63e6e52668cfa2b.jpg,E:\python work\cora-data\photos1\pinterest_future_city_101.jpg
pinterest_future_city_102,people are riding bikes down the tree lined street in a park with trees lining both sides,park,Pinterest,https://i.pinimg.com/originals/93/56/45/935645a43ace32877a280ebbbfbf3696.jpg,E:\python work\cora-data\photos1\pinterest_future_city_102.jpg
pinterest_future_city_103,a park bench sitting in the middle of a lush green park filled with trees and flowers,park,Pinterest,https://i.pinimg.com/originals/6e/91/97/6e9197c495ea834db69a70ae76fc25ba.jpg,E:\python work\cora-data\photos1\pinterest_future_city_103.jpg
pinterest_future_city_104,several park benches sitting on the side of a path in a grassy area next to trees,park,Pinterest,https://i.pinimg.com/originals/ae/ae/b8/aeaeb860b2f68abd4b283a5249a47279.jpg,E:\python work\cora-data\photos1\pinterest_future_city_104.jpg
pinterest_future_city_105,two people walking down a path in a park with trees and grass on both sides,park,Pinterest,https://i.pinimg.com/originals/12/42/72/124272564bee2105d5eb81b45d7363e3.heic,E:\python work\cora-data\photos1\pinterest_future_city_105.jpg
pinterest_future_city_106,two picnic tables under the shade of trees on a sunny day in an open park,park,Pinterest,https://i.pinimg.com/originals/6a/1d/20/6a1d2027de3780db535592a0bdca05e3.jpg,E:\python work\cora-data\photos1\pinterest_future_city_106.jpg
pinterest_future_city_107,the sun is setting over a field with wildflowers and trees in the foreground,park,Pinterest,https://i.pinimg.com/originals/fb/25/ce/fb25ce5826ca9c54a49dfe3872cd6508.jpg,E:\python work\cora-data\photos1\pinterest_future_city_107.jpg
pinterest_future_city_108,Picnic park fairytale aesthetic vibes,park,Pinterest,https://i.pinimg.com/originals/9c/49/75/9c4975ce9a1b607333c46661e8fcb944.jpg,E:\python work\cora-data\photos1\pinterest_future_city_108.jpg
pinterest_future_city_109,two park benches sitting in the grass near some trees and an area with water behind them,park,Pinterest,https://i.pinimg.com/originals/f3/14/3a/f3143a038784ffef0e18de202d78cb51.jpg,E:\python work\cora-data\photos1\pinterest_future_city_109.jpg
pinterest_future_city_110,people are walking through the park on a sunny day,park,Pinterest,https://i.pinimg.com/originals/cc/b7/05/ccb705e2f74179b870d43630ecab2ae8.jpg,E:\python work\cora-data\photos1\pinterest_future_city_110.jpg
pinterest_future_city_111,a dirt path in the middle of a park,park,Pinterest,https://i.pinimg.com/originals/62/24/92/622492d6ede0cbbad53367b752d1f96e.jpg,E:\python work\cora-data\photos1\pinterest_future_city_111.jpg
pinterest_future_city_112,the walkway is lined with trees and benches,park,Pinterest,https://i.pinimg.com/originals/11/82/bf/1182bfa8a347b5ddfccb4e3731a212e4.jpg,E:\python work\cora-data\photos1\pinterest_future_city_112.jpg
pinterest_future_city_113,a park bench sitting in the middle of a grassy area next to two large trees,park,Pinterest,https://i.pinimg.com/originals/ee/4d/5e/ee4d5e2fdfbd5de79c97c795fa6e2855.jpg,E:\python work\cora-data\photos1\pinterest_future_city_113.jpg
pinterest_future_city_114,a park bench sitting next to a body of water with ducks in the pond behind it,park,Pinterest,https://i.pinimg.com/originals/2f/91/58/2f91581e0c222513757edef5d2de9017.jpg,E:\python work\cora-data\photos1\pinterest_future_city_114.jpg
pinterest_future_city_115,people are sitting and walking around in the park under blooming cherry trees with water running through them,park,Pinterest,https://i.pinimg.com/originals/9b/dd/6f/9bdd6fb3ba80e1f4520e198157605680.jpg,E:\python work\cora-data\photos1\pinterest_future_city_115.jpg
pinterest_future_city_116,a stone path in the middle of a forest with pink flowers on it and foggy skies,park,Pinterest,https://i.pinimg.com/originals/81/74/7c/81747c25012f3d4100a043698a10e4f8.jpg,E:\python work\cora-data\photos1\pinterest_future_city_116.jpg
pinterest_future_city_117,a wooden bench sitting under a pergoline covered in greenery and flowers on a lush green lawn,park,Pinterest,https://i.pinimg.com/originals/b8/ec/9c/b8ec9c2811bb35ba5d68c974502808f6.webp,E:\python work\cora-data\photos1\pinterest_future_city_117.jpg
pinterest_future_city_118,a wooden bridge over a small pond in a park,park,Pinterest,https://i.pinimg.com/originals/9b/c6/89/9bc689af76284408ab591c3bacc8ab03.jpg,E:\python work\cora-data\photos1\pinterest_future_city_118.jpg
pinterest_future_city_119,two chairs sitting in front of a pond with a castle in the backround,park,Pinterest,https://i.pinimg.com/originals/ed/5e/3a/ed5e3a54c5e6eb331823b121c044bf2c.jpg,E:\python work\cora-data\photos1\pinterest_future_city_119.jpg
pinterest_future_city_120,people are sitting on lawn chairs under cherry blossom trees in a park with grass and dirt path,park,Pinterest,https://i.pinimg.com/originals/2e/8e/39/2e8e395699cbf60fc509937b8f02fc2b.heic,E:\python work\cora-data\photos1\pinterest_future_city_120.jpg
pinterest_future_city_121,a wooden walkway surrounded by tall grass and trees,park,Pinterest,https://i.pinimg.com/originals/ec/37/8f/ec378fe84465fcc0fe6246715b59f812.jpg,E:\python work\cora-data\photos1\pinterest_future_city_121.jpg
pinterest_future_city_122,"an empty park with trees and grass in the foreground, on a sunny day",park,Pinterest,https://i.pinimg.com/originals/33/7e/5f/337e5f0d7de231dbbd24febe4806d4a0.jpg,E:\python work\cora-data\photos1\pinterest_future_city_122.jpg
pinterest_future_city_123,many people are sitting on the grass in a park,park,Pinterest,https://i.pinimg.com/originals/fa/f6/50/faf650e9080b3ccc4e5323c4333571ab.jpg,E:\python work\cora-data\photos1\pinterest_future_city_123.jpg
pinterest_future_city_124,a grassy field with trees and water in the background,park,Pinterest,https://i.pinimg.com/originals/f1/e6/7d/f1e67dffc8a8bb0264cd84833c1daef9.jpg,E:\python work\cora-data\photos1\pinterest_future_city_124.jpg
pinterest_future_city_125,"an aerial view of new york city from the air, looking down on central park",park,Pinterest,https://i.pinimg.com/originals/d3/72/af/d372af849b95a223eacc78b1d71b8490.jpg,E:\python work\cora-data\photos1\pinterest_future_city_125.jpg
pinterest_future_city_126,the sun is setting over a park with palm trees,park,Pinterest,https://i.pinimg.com/originals/cc/de/41/ccde414f99f8c1c8d7989758916644d9.jpg,E:\python work\cora-data\photos1\pinterest_future_city_126.jpg
pinterest_future_city_127,people walking down a path in the park at night with lights strung up on trees,park,Pinterest,https://i.pinimg.com/originals/18/51/4f/18514f3aeb2376d3bea47d7529d3805c.png,E:\python work\cora-data\photos1\pinterest_future_city_127.jpg
pinterest_future_city_128,a paved road surrounded by trees and greenery,park,Pinterest,https://i.pinimg.com/originals/c1/f0/3c/c1f03c11ece97c9ba798db419da2d62c.jpg,E:\python work\cora-data\photos1\pinterest_future_city_128.jpg
pinterest_future_city_129,three people sitting on benches near a tree,park,Pinterest,https://i.pinimg.com/originals/9f/07/86/9f0786410f51c4c05db200610f10e542.png,E:\python work\cora-data\photos1\pinterest_future_city_129.jpg
pinterest_future_city_130,a wooden bench sitting on the side of a road next to a park filled with trees,park,Pinterest,https://i.pinimg.com/originals/c2/d9/30/c2d93024af2017f46bfabe3c694e43ae.jpg,E:\python work\cora-data\photos1\pinterest_future_city_130.jpg
pinterest_future_city_131,a lake surrounded by lush green grass and trees with white flowers on the bank under a partly cloudy blue sky,park,Pinterest,https://i.pinimg.com/originals/be/64/fc/be64fcbfc137d9c97d1f168755d85618.jpg,E:\python work\cora-data\photos1\pinterest_future_city_131.jpg
pinterest_future_city_132,an aerial view of a lake with a dock in the middle,park,Pinterest,https://i.pinimg.com/originals/d6/c2/a9/d6c2a9a3a721d08d22a5cca4b747107e.jpg,E:\python work\cora-data\photos1\pinterest_future_city_132.jpg
pinterest_future_city_133,a path in the middle of a lush green park with flowers and trees on both sides,park,Pinterest,https://i.pinimg.com/originals/b1/fe/31/b1fe316c6a129444d22eeb4b59c78ef2.jpg,E:\python work\cora-data\photos1\pinterest_future_city_133.jpg
pinterest_future_city_134,a path in the middle of a park with trees and benches on both sides at sunset,park,Pinterest,https://i.pinimg.com/originals/1a/1f/03/1a1f038e41e833ddefc5af6b283bfd63.jpg,E:\python work\cora-data\photos1\pinterest_future_city_134.jpg
pinterest_future_city_135,many people are sitting on wooden benches in the city park at night with buildings and trees behind them,park,Pinterest,https://i.pinimg.com/originals/db/c5/db/dbc5db8f2560c370306431a2c70663e3.jpg,E:\python work\cora-data\photos1\pinterest_future_city_135.jpg
pinterest_future_city_136,a stream running through a lush green forest covered in pink flowers and mossy rocks,park,Pinterest,https://i.pinimg.com/originals/e3/8f/24/e38f240bd22239b4d1deac83154f7e33.jpg,E:\python work\cora-data\photos1\pinterest_future_city_136.jpg
pinterest_future_city_137,"a person walking down a path lined with benches and trees in a park, during the day",park,Pinterest,https://i.pinimg.com/originals/8f/45/8d/8f458d83e5668b5d31eafde45e128942.jpg,E:\python work\cora-data\photos1\pinterest_future_city_137.jpg
pinterest_future_city_138,a pond surrounded by trees in the middle of a park,park,Pinterest,https://i.pinimg.com/originals/7b/03/9b/7b039b19db309d4bea48962a9dd3e1c3.jpg,E:\python work\cora-data\photos1\pinterest_future_city_138.jpg
pinterest_future_city_139,an empty street lined with trees on both sides,park,Pinterest,https://i.pinimg.com/originals/67/c7/32/67c7329d4eb14db49e16acc2c6a62c44.jpg,E:\python work\cora-data\photos1\pinterest_future_city_139.jpg
pinterest_future_city_140,"Park
Forest
Nature
Natural
Autumn
Fall
Aesthetic",park,Pinterest,https://i.pinimg.com/originals/93/00/41/9300416d508e7ef3d02ad6c2e0cab57f.jpg,E:\python work\cora-data\photos1\pinterest_future_city_140.jpg
pinterest_future_city_141,two park benches sitting next to each other on a sidewalk in the middle of a park,park,Pinterest,https://i.pinimg.com/originals/2d/3e/2a/2d3e2a4fb8dbc2c5d987cfd723d558ea.jpg,E:\python work\cora-data\photos1\pinterest_future_city_141.jpg
pinterest_future_city_142,the park is lit up at night with bright lights shining on the trees and grass,park,Pinterest,https://i.pinimg.com/originals/8a/7b/47/8a7b4768c90cc5f4e2de7af092fc7310.jpg,E:\python work\cora-data\photos1\pinterest_future_city_142.jpg
pinterest_future_city_143,a wooden bridge over a small creek in a park with grass and trees around it,park,Pinterest,https://i.pinimg.com/originals/9e/d3/19/9ed319074ca3938b21f49204930d90c7.jpg,E:\python work\cora-data\photos1\pinterest_future_city_143.jpg
pinterest_future_city_144,the sun shines brightly through the trees and grass in this park with white flowers,park,Pinterest,https://i.pinimg.com/originals/b8/f8/fa/b8f8fac4f36fd57dd45e6879ce0f5bbf.jpg,E:\python work\cora-data\photos1\pinterest_future_city_144.jpg
pinterest_future_city_145,a bench sitting in the middle of a lush green park,park,Pinterest,https://i.pinimg.com/originals/09/cb/4a/09cb4a8fb0ccbb6aeebd4b35c14913e6.jpg,E:\python work\cora-data\photos1\pinterest_future_city_145.jpg
pinterest_future_city_146,the sun is setting on an empty country road with trees in the foreground and green grass to the side,park,Pinterest,https://i.pinimg.com/originals/72/f7/36/72f7362097ae225b8e40d6015931f80c.heic,E:\python work\cora-data\photos1\pinterest_future_city_146.jpg
pinterest_future_city_147,"a park with lots of green grass, trees and a playground in the back ground",park,Pinterest,https://i.pinimg.com/originals/46/a6/54/46a654f34d60bd2a4f7ff272170d0ff2.png,E:\python work\cora-data\photos1\pinterest_future_city_147.jpg
pinterest_future_city_148,an empty park path with benches and trees,park,Pinterest,https://i.pinimg.com/originals/d7/ba/d6/d7bad6094a3d432488093451ef19aef8.jpg,E:\python work\cora-data\photos1\pinterest_future_city_148.jpg
pinterest_future_city_149,the sun is setting over an open field with wildflowers and trees on it,park,Pinterest,https://i.pinimg.com/originals/f9/a6/30/f9a630008bddc13ab270031655d6f4f1.png,E:\python work\cora-data\photos1\pinterest_future_city_149.jpg
pinterest_future_city_150,an aerial view of a park with lots of trees,park,Pinterest,https://i.pinimg.com/originals/73/dc/2b/73dc2b3a6383a135fee001d94f903fc1.png,E:\python work\cora-data\photos1\pinterest_future_city_150.jpg
pinterest_future_city_151,an amusement park filled with lots of rides and people walking through the fairgrounds,park,Pinterest,https://i.pinimg.com/originals/ad/1e/90/ad1e909efc9d7b4162f8d94fb551e7b9.jpg,E:\python work\cora-data\photos1\pinterest_future_city_151.jpg
pinterest_future_city_152,a water fountain surrounded by purple flowers in a park,park,Pinterest,https://i.pinimg.com/originals/72/c1/ab/72c1ab33b0e74a7ca081b95f196d6bba.jpg,E:\python work\cora-data\photos1\pinterest_future_city_152.jpg
pinterest_future_city_153,a gazebo sitting in the middle of a lush green park with stairs leading up to it,park,Pinterest,https://i.pinimg.com/originals/92/21/66/922166c1aecac73d2ab82725849543b7.jpg,E:\python work\cora-data\photos1\pinterest_future_city_153.jpg
pinterest_future_city_154,#park#summer #evening #life ,park,Pinterest,https://i.pinimg.com/originals/14/46/17/144617d6cd6e23855c80219f25588e22.jpg,E:\python work\cora-data\photos1\pinterest_future_city_154.jpg
pinterest_future_city_155,Yoyogi Park in Tokyo,park,Pinterest,https://i.pinimg.com/originals/b4/67/d2/b467d2f7c1a95e99732ef20efbf375a9.jpg,E:\python work\cora-data\photos1\pinterest_future_city_155.jpg
pinterest_future_city_156,an empty playground in the park at sunset,park,Pinterest,https://i.pinimg.com/originals/e7/c7/a0/e7c7a018fc396cca4234c81aa0796b23.heic,E:\python work\cora-data\photos1\pinterest_future_city_156.jpg
pinterest_future_city_157,"an outdoor living area with couches and tables in the grass, surrounded by trees",park,Pinterest,https://i.pinimg.com/originals/d2/09/5e/d2095ef4512305ad8d6ef70b876568e8.jpg,E:\python work\cora-data\photos1\pinterest_future_city_157.jpg
pinterest_future_city_158,"가을은 항상 인사를 건네려하면 떠나가는 그런 계절인거 같습니다. 점점 짧아져가는 가을, 스쳐가는 순간들을 기록하며 2024년의 가을을 떠나보냅니다. - - - - #멜버른 #여행사진작가 #감성사진 #풍경사진 #가을 山海, 摄影灵感, 绿色, 景观, 风景, 摄影, 灵感",park,Pinterest,https://i.pinimg.com/originals/80/ba/16/80ba161f36421a677ccdf8cb99412a4d.jpg,E:\python work\cora-data\photos1\pinterest_future_city_158.jpg
pinterest_future_city_159,a small pond in the middle of a lush green park,park,Pinterest,https://i.pinimg.com/originals/ee/80/bb/ee80bbc739884429749de1b83dccd886.jpg,E:\python work\cora-data\photos1\pinterest_future_city_159.jpg
pinterest_future_city_160,a wooden bridge in the middle of a forest with lots of trees on both sides,park,Pinterest,https://i.pinimg.com/originals/0f/f8/d4/0ff8d4281b0459c9121697e8e72e96de.jpg,E:\python work\cora-data\photos1\pinterest_future_city_160.jpg
pinterest_future_city_161,"an outdoor play area with wooden benches and fire pit in the middle, surrounded by trees",park,Pinterest,https://i.pinimg.com/originals/cd/65/02/cd650238f68a197270894850c134284f.webp,E:\python work\cora-data\photos1\pinterest_future_city_161.jpg
pinterest_future_city_162,tables and chairs set up in the middle of a park with skyscrapers in the background,park,Pinterest,https://i.pinimg.com/originals/e7/29/62/e72962ecb25bea1a828dfbe50de9f440.jpg,E:\python work\cora-data\photos1\pinterest_future_city_162.jpg
pinterest_future_city_163,"an empty park path at night with street lights and trees lining both sides, in the foreground",park,Pinterest,https://i.pinimg.com/originals/56/a8/d4/56a8d455c1d5d6193eb2022e520002ec.jpg,E:\python work\cora-data\photos1\pinterest_future_city_163.jpg
pinterest_future_city_164,an artist's rendering of a park in the middle of a city with lots of trees,park,Pinterest,https://i.pinimg.com/originals/dc/01/11/dc01118f47645c975fcba466f421525b.jpg,E:\python work\cora-data\photos1\pinterest_future_city_164.jpg
pinterest_future_city_165,a wooden walkway in the middle of an autumn forest with leaves on the ground and sun shining through the trees,park,Pinterest,https://i.pinimg.com/originals/05/27/e3/0527e3fce9d689bfe7016892315715c6.jpg,E:\python work\cora-data\photos1\pinterest_future_city_165.jpg
pinterest_future_city_166,"a park with benches and trees in the distance, surrounded by lush green grass on a sunny day",park,Pinterest,https://i.pinimg.com/originals/8a/b2/e1/8ab2e11e5901332b2fa34304f11d1f7d.jpg,E:\python work\cora-data\photos1\pinterest_future_city_166.jpg
pinterest_future_city_167,a park at night with benches and trees,park,Pinterest,https://i.pinimg.com/originals/92/6b/88/926b887949e218c3674fc82a36e21436.jpg,E:\python work\cora-data\photos1\pinterest_future_city_167.jpg
pinterest_future_city_168,an empty path in the middle of a park,park,Pinterest,https://i.pinimg.com/originals/e5/e9/be/e5e9bedf274a88e0d166db3b49c80e46.heic,E:\python work\cora-data\photos1\pinterest_future_city_168.jpg
pinterest_future_city_169,two people are sitting in the middle of a field,park,Pinterest,https://i.pinimg.com/originals/66/74/16/667416ffb04756f7879470bac82568dc.jpg,E:\python work\cora-data\photos1\pinterest_future_city_169.jpg
pinterest_future_city_170,the sun shines brightly through the trees and petals on the ground in front of a park bench,park,Pinterest,https://i.pinimg.com/originals/6c/86/30/6c863018d58c3d7c140a605774ab5a9c.jpg,E:\python work\cora-data\photos1\pinterest_future_city_170.jpg
pinterest_future_city_171,"the mountains are covered in snow and purple wildflowers, with pine trees on either side",park,Pinterest,https://i.pinimg.com/originals/fe/80/97/fe8097f621babc516e87a6c71b34f603.jpg,E:\python work\cora-data\photos1\pinterest_future_city_171.jpg
pinterest_future_city_172,a river running through a forest filled with lots of tall grass and surrounded by trees,park,Pinterest,https://i.pinimg.com/originals/5f/b5/62/5fb5620bacadbe7f65a6c20066e30e1c.jpg,E:\python work\cora-data\photos1\pinterest_future_city_172.jpg
pinterest_future_city_173,children's play area with yellow slide and green trees,park,Pinterest,https://i.pinimg.com/originals/2a/fc/ef/2afcef869f0fea5e5010282c76fcf33f.jpg,E:\python work\cora-data\photos1\pinterest_future_city_173.jpg
pinterest_future_city_174,a tree with white flowers is next to a wooden fence and dirt road that has grass on both sides,park,Pinterest,https://i.pinimg.com/originals/5a/c8/58/5ac858e1f287cf705e458591ede7e629.jpg,E:\python work\cora-data\photos1\pinterest_future_city_174.jpg
pinterest_future_city_175,people are sitting on the grass in a park with white tulips and trees,park,Pinterest,https://i.pinimg.com/originals/ca/ec/1f/caec1f368c677b2840a04ffe352577b2.jpg,E:\python work\cora-data\photos1\pinterest_future_city_175.jpg
pinterest_future_city_176,people are walking down the path in an autumn park,park,Pinterest,https://i.pinimg.com/originals/cf/d5/73/cfd5733e304112662d76c30128a12c5f.jpg,E:\python work\cora-data\photos1\pinterest_future_city_176.jpg
pinterest_future_city_177,children playing on a playground in the park,park,Pinterest,https://i.pinimg.com/originals/cc/5e/90/cc5e908f0f254868eed27521263d81d1.jpg,E:\python work\cora-data\photos1\pinterest_future_city_177.jpg
pinterest_future_city_178,"the sun shines on an empty street lined with potted plants and trees,",park,Pinterest,https://i.pinimg.com/originals/df/f6/09/dff6097b6a2125c3d40311a6218ee883.png,E:\python work\cora-data\photos1\pinterest_future_city_178.jpg
pinterest_future_city_179,the park is full of trees and grass,park,Pinterest,https://i.pinimg.com/originals/01/77/35/017735e203058918a192b170558bb368.jpg,E:\python work\cora-data\photos1\pinterest_future_city_179.jpg
pinterest_future_city_180,the sun shines through the trees in this park,park,Pinterest,https://i.pinimg.com/originals/2f/6a/af/2f6aaf00591489745866a39039988884.jpg,E:\python work\cora-data\photos1\pinterest_future_city_180.jpg
pinterest_future_city_181,"an aerial view of a park with trees, water and other plants on the ground",park,Pinterest,https://i.pinimg.com/originals/43/00/b7/4300b798a4dec079249d9eb233430521.jpg,E:\python work\cora-data\photos1\pinterest_future_city_181.jpg
pinterest_future_city_182,a park bench sitting next to a river under cherry blossom trees with the city skyline in the background,park,Pinterest,https://i.pinimg.com/originals/98/d2/5b/98d25bd331ab23d6c199c5f020f18901.jpg,E:\python work\cora-data\photos1\pinterest_future_city_182.jpg
pinterest_future_city_183,a walkway in the middle of a park with trees lining both sides and benches on either side,park,Pinterest,https://i.pinimg.com/originals/a0/59/1d/a0591d669e69ea97d0d95f5ff2837884.jpg,E:\python work\cora-data\photos1\pinterest_future_city_183.jpg
pinterest_future_city_184,"two pictures of people walking around in the park and on the grass, there is a sculpture that looks like a bird's nest",park,Pinterest,https://i.pinimg.com/originals/05/67/0f/05670ffcde8d9f4c35e88952b7cac8be.jpg,E:\python work\cora-data\photos1\pinterest_future_city_184.jpg
pinterest_future_city_185,a picnic table sitting in the grass next to trees and a lake with lots of water,park,Pinterest,https://i.pinimg.com/originals/94/5a/a2/945aa2839cb35a30998a02ade8374467.jpg,E:\python work\cora-data\photos1\pinterest_future_city_185.jpg
pinterest_future_city_186,an aerial view of a tennis court in the middle of a city with tall buildings,park,Pinterest,https://i.pinimg.com/originals/84/8c/a0/848ca06e8d95652fd0d40c57e8c2e3ed.jpg,E:\python work\cora-data\photos1\pinterest_future_city_186.jpg
pinterest_future_city_187,two people in a small boat on a river under a bridge with trees and rocks,park,Pinterest,https://i.pinimg.com/originals/8b/24/7b/8b247b6340f592553ae1717a975f618b.png,E:\python work\cora-data\photos1\pinterest_future_city_187.jpg
pinterest_future_city_188,a person walking down a path in the middle of a park with lots of trees,park,Pinterest,https://i.pinimg.com/originals/80/40/d8/8040d840407aa5e6828966858655511d.jpg,E:\python work\cora-data\photos1\pinterest_future_city_188.jpg
pinterest_future_city_189,an aerial view of a garden with flowers and steps leading up to the top floor,park,Pinterest,https://i.pinimg.com/originals/c1/b4/ed/c1b4edc5dd60231524f892f2f76cb2f3.jpg,E:\python work\cora-data\photos1\pinterest_future_city_189.jpg
pinterest_future_city_190,a dog park with artificial grass and stepping stones on the ground next to a fence,park,Pinterest,https://i.pinimg.com/originals/b0/07/52/b00752a0ac5731e5ec586faacc33b398.jpg,E:\python work\cora-data\photos1\pinterest_future_city_190.jpg
pinterest_future_city_191,children's play area with colorful slides and climbing bars,park,Pinterest,https://i.pinimg.com/originals/51/38/ed/5138ed4dee16cedd5a829f69969ad555.jpg,E:\python work\cora-data\photos1\pinterest_future_city_191.jpg
pinterest_future_city_192,an empty park bench surrounded by trees,park,Pinterest,https://i.pinimg.com/originals/a1/da/e1/a1dae1b16faac26a6af3663a5d424fd7.jpg,E:\python work\cora-data\photos1\pinterest_future_city_192.jpg
pinterest_future_city_193,a tree with purple flowers on it next to a paved path in the middle of a park,park,Pinterest,https://i.pinimg.com/originals/12/db/a2/12dba2dcb862053e0c6d41f4c6fa0841.heic,E:\python work\cora-data\photos1\pinterest_future_city_193.jpg
pinterest_future_city_194,park,park,Pinterest,https://i.pinimg.com/originals/95/4c/3b/954c3b8e5c189984b02fb18c9b000578.jpg,E:\python work\cora-data\photos1\pinterest_future_city_194.jpg
pinterest_future_city_195,"a plan for an urban park with lots of trees and landscaping elements, including a pond",park,Pinterest,https://i.pinimg.com/originals/cb/49/89/cb49896ce32dc09bd0fbbb048e6567b1.jpg,E:\python work\cora-data\photos1\pinterest_future_city_195.jpg
pinterest_future_city_196,an empty street lined with blossoming trees on both sides and houses in the background,park,Pinterest,https://i.pinimg.com/originals/2f/ff/d3/2fffd33f70ce9965af13a031288fb549.jpg,E:\python work\cora-data\photos1\pinterest_future_city_196.jpg
pinterest_future_city_197,a white bench sitting in the middle of a lush green park filled with trees and flowers,park,Pinterest,https://i.pinimg.com/originals/73/88/5d/73885d096167a48fa3a633c50306d0b1.jpg,E:\python work\cora-data\photos1\pinterest_future_city_197.jpg
pinterest_future_city_198,a park bench sitting next to a tree filled with pink flowers,park,Pinterest,https://i.pinimg.com/originals/0e/59/18/0e59186d0f669e20a19a39b9d7e946f1.jpg,E:\python work\cora-data\photos1\pinterest_future_city_198.jpg
pinterest_future_city_199,an empty road in the middle of a park with lots of trees on both sides,park,Pinterest,https://i.pinimg.com/originals/52/d8/80/52d880abea5b3b94df3b425f1a77942b.jpg,E:\python work\cora-data\photos1\pinterest_future_city_199.jpg
