element_id,name,category,query_label,tfidf_x,tfidf_y,hash_x,hash_y,tfidf_kmeans_cluster,hashing_kmeans_cluster
node/448625827,Enchanted Woodland - Community Woodland,park relaxed,parks,0.42113486944075784,-0.12594742112456728,0.46159688102920293,0.12810153225793658,0,2
node/947601398,Thorndon Country Park North,park relaxed,parks,0.5833570716465288,-0.2850967927535634,0.4238204081589193,0.40076412638385145,0,2
node/1694552975,Weald Country Park,park relaxed,parks,0.5947793739297461,-0.2682055613566635,0.4809974643689642,0.5023561831783153,0,2
node/7149157916,The Old Park,park relaxed,parks,0.6729088477374365,-0.3528013764255464,0.47694750352365506,0.47527306163403993,0,2
node/7498940369,Nork Park,park relaxed,parks,0.6729088477374365,-0.3528013764255464,0.4489689137084456,0.5001526495028769,0,2
node/7833610822,Costead Manor Road Rope Swing,park relaxed,parks,0.5958872419390853,-0.26052952357923936,0.3970818752249035,0.22953927902007829,0,2
node/8954753262,Burnt Oak Lane Open Space,park relaxed,parks,0.469453417871709,0.10726092123622459,0.4591445768293976,-0.009049800057163632,0,1
node/11563926902,Trailnet CIC,park relaxed,parks,0.7049913638985217,0.20313838716747734,0.5171211567469681,-0.07331128136171351,0,1
node/11753048107,Laburnum Close Green,park relaxed,parks,0.5558393517918365,-0.29124508462569265,0.3857940631017724,0.381910309432963,0,2
node/12151808712,Harebreaks Recreation Ground,park relaxed,parks,0.5542955001219456,0.16371197382468208,0.5663549328915756,-0.06626424134615388,0,1
node/12151828181,Cassiobury Park,park relaxed,parks,0.6913726669790724,0.14683493290810548,0.6471154272739896,-0.012851883735807184,0,2
node/12151832583,Meriden Park,park relaxed,parks,0.6639965274773284,0.13134543933163206,0.6358980019564552,-0.03348004315657366,0,2
node/12151854833,Callowland Recreation Ground,park relaxed,parks,0.5480028691737877,0.17081618881634605,0.617410945675517,-0.07733316643185091,0,1
node/12151896934,Garston Park,park relaxed,parks,0.6704170345483433,0.10953864589485468,0.6423613049097889,-0.029159076768513446,0,2
node/12151958263,Cheslyn House & Gardens,park relaxed,parks,0.627991758405608,0.20077259524135774,0.6582765397329104,-0.023315514181018033,0,1
node/13276415126,Belmont station park,park relaxed,parks,0.6677178416466569,-0.33236944744889313,0.4711779205816659,0.4029449411711584,0,2
node/13515968101,Ealing Beaver Project,park relaxed,parks,0.677028270565737,-0.36292026509383135,0.3695724159150258,0.3582188745999237,0,2
node/13526930459,Church Green,park relaxed,parks,0.4654232248068002,-0.10070104832145226,0.4877905789109158,0.298183095485067,0,2
node/13760684102,Wharf Road Park,park relaxed,parks,0.5592850755401418,-0.19173115283741318,0.43691473208744097,0.19575060067291727,0,2
way/2903368,St Michael's Green,park relaxed,parks,0.5558393517918365,-0.29124508462569265,0.37908457899000164,0.37074945392815306,0,2
way/2903398,Bush Hill Park,park relaxed,parks,0.5586831194713462,-0.2844508450081907,0.4328880659606527,0.4585587740015532,0,2
way/2914274,Stephens House & Grounds,park relaxed,parks,0.6287158828630811,-0.2565539775046684,0.3802979610472758,0.24597773526175906,0,2
way/2926821,Oakwood Park,park relaxed,parks,0.6711386721223614,-0.31017513894258214,0.4727701718491262,0.38662662377654217,0,2
way/2939009,Enfield Town Park,park relaxed,parks,0.6806955915080293,-0.3459263598039746,0.5057242656417644,0.45906673230715656,0,2
way/2939140,Victoria Recreation Ground,park relaxed,parks,0.43438983078613913,-0.20340322554223905,0.34693831362801936,0.26567017986405483,0,2
way/2953350,Sunnyhill Park,park relaxed,parks,0.5733427884680563,-0.24681336764509437,0.5159758891207216,0.3363716111350406,0,2
way/2955990,Whetstone Stray,park relaxed,parks,0.677028270565737,-0.36292026509383135,0.38292382039741285,0.42890142576775603,0,2
way/2956125,School Playing Fields,park relaxed,parks,0.677028270565737,-0.36292026509383135,0.36524136393136647,0.39717351405484524,0,2
way/2956783,Lewisham Park,park relaxed,parks,0.6729088477374365,-0.3528013764255464,0.47301836995448404,0.4787832380148407,0,2
way/3241371,Russell Square,park relaxed,parks,0.4296163432951893,-0.2087023525457863,0.39554967069191976,0.17148401058891072,0,2
way/3241840,Tavistock Square,park relaxed,parks,0.472100491673224,-0.1573892006054963,0.44415669465929297,0.13401851394267128,0,2
way/3385169,Glebelands Playing Fields Park,park relaxed,parks,0.6555666708426746,-0.32258738692535677,0.4397631852079767,0.3833606115224633,0,2
way/3400436,Friary Park,park relaxed,parks,0.660595948937184,-0.31590146446279294,0.4814215096835961,0.3476215428209534,0,2
way/3401837,Hatherop Park,park relaxed,parks,0.6610571619650025,-0.3435720129276978,0.48646942576968416,0.4045429614613541,0,2
way/3430579,Carlisle Park,park relaxed,parks,0.6730564604583268,-0.3254131378346818,0.5131458702318916,0.3568553882915357,0,2
way/3541791,Hampton Court Green,park relaxed,parks,0.5153629102229587,-0.22241632613660592,0.5169879864909841,0.23497116788345362,0,2
way/3664747,Durants Park,park relaxed,parks,0.6762424115153841,-0.34424695841894914,0.5247114321313472,0.5455866266850636,0,2
way/3690598,The Pleasance,park relaxed,parks,0.677028270565737,-0.36292026509383135,0.43270761308177164,0.5155524200526629,0,2
way/3725292,Oakmere Park,park relaxed,parks,0.6602025711599976,-0.3436728832485506,0.4367670663870883,0.4094750737650269,0,2
way/3872808,Broomfield Park,park relaxed,parks,0.6806955915080293,-0.3459263598039746,0.45915646254174736,0.4915557060713309,0,2
way/3986346,Kensington Gardens,park relaxed,parks,0.5197042929169892,-0.14686480959393428,0.5197004805368596,0.11834254020250091,0,2
way/3988895,Grove Park,park relaxed,parks,0.6729088477374365,-0.3528013764255464,0.4895427704994763,0.4672838459782834,0,2
way/3991615,Hampton Court Park,park relaxed,parks,0.6368153041219571,-0.2926096927204193,0.5265087105626742,0.282361117961261,0,2
way/4001101,Big Wood,park relaxed,parks,0.6574720098038451,-0.3336318885023951,0.4270905686474898,0.2602784142458344,0,2
way/4001293,St Pancras and Islington Cemetery,park relaxed,parks,0.533288143286127,-0.0678491099580842,0.41517788845556786,0.15598916312723768,0,2
way/4006015,Old Deer Park,park relaxed,parks,0.6730564604583268,-0.3254131378346818,0.46247481386363226,0.33405578219266996,0,2
way/4013452,Arrandene Open Space,park relaxed,parks,0.5270015742063261,-0.24448102864516613,0.39176854324893795,0.3064888292923429,0,2
way/4020542,Fortune Green,park relaxed,parks,0.5653105181659538,-0.28452501239949307,0.41842597682531346,0.3870757089039897,0,2
way/4020620,Grove Farm local nature reserve,park relaxed,parks,0.5726575632323261,0.16176444389717007,0.5538020464757604,-0.042636088033208466,0,1
way/4040566,Hendon Park,park relaxed,parks,0.6606409472713367,-0.2969988768302881,0.4918241471007373,0.37469525246956736,0,2
way/4040975,Wood End East Recreation Ground,park relaxed,parks,0.5059642199914691,-0.2654982310790283,0.44919180105052237,0.405482898432327,0,2
way/4045176,Gladstone Park,park relaxed,parks,0.6768638789944795,-0.3054924918018899,0.49036125643302525,0.37125879801453227,0,2
way/4045840,Bellingham Green,park relaxed,parks,0.5558393517918365,-0.29124508462569265,0.3815987524659687,0.3876796228668899,0,2
way/4045842,Mountsfield Park,park relaxed,parks,0.6153468280500423,-0.2505976559530862,0.5370016503845194,0.3763837141940012,0,2
way/4049350,Lammas Park,park relaxed,parks,0.6756266354031648,-0.32616678262182836,0.5132821382327998,0.35658586482400306,0,2
way/4070914,Morven Park,park relaxed,parks,0.6088107753981079,-0.22896029558577266,0.5068776079388448,0.27191024043552925,0,2
way/4072806,Queens Park,park relaxed,parks,0.6614688567718123,-0.247215659105269,0.5023945443906424,0.3235032891207065,0,2
way/4075108,Lincoln's Inn,park relaxed,parks,0.6640839978899942,-0.3179684551199098,0.42096394908055224,0.3525986930784488,0,2
way/4076730,Bethune Park,park relaxed,parks,0.6806955915080293,-0.3459263598039746,0.4718718929428282,0.4731874227545784,0,2
way/4078566,Craig Park,park relaxed,parks,0.6729088477374365,-0.3528013764255464,0.459938213105111,0.4984326224615032,0,2
way/4078567,Pymmes Park,park relaxed,parks,0.6806955915080293,-0.3459263598039746,0.487240722691577,0.4705365667776794,0,2
way/4081049,Grosvenor Square,park relaxed,parks,0.47785444401146204,-0.16376437007717765,0.46393732314777286,0.18052029895856408,0,2
way/4082589,Leicester Square,park relaxed,parks,0.5066928672134648,-0.20520829562276688,0.42175201890421243,0.2812315869153583,0,2
way/4082666,Primrose Hill,park relaxed,parks,0.4276559257349737,-0.15914761076370237,0.45490684872029635,0.255449089517086,0,2
way/4085758,Stanley Park,park relaxed,parks,0.6729088477374365,-0.3528013764255464,0.47392116340564766,0.5142199321174554,0,2
way/4086227,Elmgrove Recreation Ground,park relaxed,parks,0.48789226834802074,-0.2533285964005783,0.341533294913868,0.29258581170955356,0,2
way/4089030,Hampstead Cemetery,park relaxed,parks,0.6957468513183053,0.1927869637594442,0.6209465030624178,0.09596598156060394,0,2
way/4090241,Church Fields,park relaxed,parks,0.677028270565737,-0.36292026509383135,0.42020827054341536,0.47282748664545904,0,2
way/4097473,Fairland Park,park relaxed,parks,0.6729088477374365,-0.3528013764255464,0.45330335965345087,0.5082525464010389,0,2
way/4097476,Finsbury Park,park relaxed,parks,0.5872651226473968,-0.15668733001788251,0.5694961144534485,0.2153257308281388,0,2
way/4111166,Wimbledon Park,park relaxed,parks,0.668906564818291,-0.26678706406891417,0.5280397882755468,0.35264616939594073,0,2
way/4116247,Monken Hadley Common,park relaxed,parks,0.682707208174273,-0.35057491593220513,0.40194233632511733,0.32794272682352626,0,2
way/4133074,Aldersbrook Avenue Recreation Ground,park relaxed,parks,0.5059642199914691,-0.2654982310790283,0.37122141979505935,0.3427509150324924,0,2
way/4188297,Ludgrove Playing Field,park relaxed,parks,0.677028270565737,-0.36292026509383135,0.3557275058804293,0.3583271396205963,0,2
way/4234648,Stationers Park,park relaxed,parks,0.7449553165497429,-0.0040530108540022605,0.625993117232056,0.12467429760759144,0,2
way/4239815,Parsons Green,park relaxed,parks,0.41093974240154346,-0.17598819492172407,0.3779205816192083,0.31985768071990045,0,2
way/4242918,Chelmsford Square Tennis Courts & Gardens,park relaxed,parks,0.6022109587538553,-0.3382796972100731,0.3933310357187626,0.3513818009534743,0,2
way/4242930,Roundwood Park,park relaxed,parks,0.6806955915080293,-0.3459263598039746,0.4854949313044196,0.4806743540325091,0,2
way/4244828,Hammersmith Park,park relaxed,parks,0.6404395598781342,-0.1940146652924955,0.49423648452000146,0.2715075896834822,0,2
way/4244829,Shepherds Bush Green,park relaxed,parks,0.41093974240154346,-0.17598819492172407,0.3730675043108585,0.3153887009830877,0,2
way/4245003,Cranford Country Park,park relaxed,parks,0.611600530157923,0.09618529112510717,0.6277234029869673,0.0735396182878042,0,2
way/4248612,Preston Park,park relaxed,parks,0.6595317522717301,-0.3108961218320116,0.4974165940037951,0.43242544116844356,0,2
way/4251186,Walpole Park,park relaxed,parks,0.6712562004280835,-0.3103377654414908,0.49424970826998144,0.35317914263949113,0,2
way/4251190,Dean Gardens,park relaxed,parks,0.6709452328752471,-0.35154353134091687,0.4806439906399872,0.398679791117864,0,2
way/4252522,Hurlingham Park,park relaxed,parks,0.6704775148803241,-0.2592334077578009,0.49986969161304334,0.30358224462601485,0,2
way/4252532,South Park,park relaxed,parks,0.6730564604583268,-0.3254131378346818,0.48606891370437616,0.38944158812235063,0,2
way/4253286,Woburn Square,park relaxed,parks,0.4971983002499963,-0.2438618554775687,0.39457598952862005,0.2619549264846269,0,2
way/4253288,Gordon Square,park relaxed,parks,0.49725248486562346,-0.23535931547469102,0.48536418566197864,0.12202363594779941,0,2
way/4253353,St. John's Gardens,park relaxed,parks,0.6709452328752471,-0.35154353134091687,0.46841105466550675,0.389748853399119,0,2
way/4253527,West Square Gardens,park relaxed,parks,0.520332135879418,-0.22111652920439412,0.482375042410856,0.24619500611048448,0,2
way/4253646,Queen Square Gardens,park relaxed,parks,0.5362522805336357,-0.2535155008187802,0.4445018053286869,0.23934587316118966,0,2
way/4253657,Red Lion Square Gardens,park relaxed,parks,0.46821048148187944,-0.24154216120186167,0.36204317548924625,0.20344985245287858,0,2
way/4253887,Berkeley Square,park relaxed,parks,0.5636390439303562,-0.058963752811939565,0.5646808652581112,0.07294377377122593,0,2
way/4254099,Victoria Embankment Gardens,park relaxed,parks,0.23068660742805164,0.08389668687362198,0.5318586109309165,-0.0013493887335349198,1,1
way/4255959,Goose Green,park relaxed,parks,0.5558393517918365,-0.29124508462569265,0.38807072164673917,0.4365356210055342,0,2
way/4256144,Argyle Square Gardens,park relaxed,parks,0.44987158286985834,-0.2012038296398728,0.39867524429931417,0.17294278251714815,0,2
way/4256229,Golden Square,park relaxed,parks,0.5267070921284706,-0.23220922367818575,0.42325438455305314,0.2919739586746155,0,2
way/4256264,Vauxhall Pleasure Gardens,park relaxed,parks,0.6286727341568145,0.03120415205850719,0.6596914109295581,0.04161937236563321,0,1
way/4256950,Whitehall Garden,park relaxed,parks,0.6851424480607949,-0.3490334650467837,0.47955076958097737,0.439281177544711,0,2
way/4256953,Whitehall Garden,park relaxed,parks,0.6826235469786073,-0.33874591176239555,0.5588794014837828,0.3731939327998389,0,2
way/4257005,Grosvenor Gardens,park relaxed,parks,0.6819389867062993,-0.37933535705001176,0.4771012346598545,0.4449779706791776,0,2
way/4257006,Grosvenor Gardens,park relaxed,parks,0.6819389867062993,-0.37933535705001176,0.4771012346598545,0.4449779706791776,0,2
way/4257697,Fairlop Waters Country Park,park relaxed,parks,0.574644092853818,0.06244453775071232,0.5663686558581247,0.09100311207140398,0,2
way/4258095,Christchurch Gardens,park relaxed,parks,0.6489336148462731,-0.2561027517639123,0.5157505207842904,0.35918914924337747,0,2
way/4259619,Dean's Yard,park relaxed,parks,0.6470650343877072,-0.27683791363628163,0.3846482908280606,0.2571161524665113,0,2
way/4259627,College Green,park relaxed,parks,0.4656607795192931,-0.13946029086137207,0.464223626742529,0.10125608219595925,0,1
way/4259687,Victoria Tower Gardens,park relaxed,parks,0.5610898235727513,-0.19498669739970692,0.4772625076676165,0.20480931099814503,0,2
way/4259726,St John's Gardens,park relaxed,parks,0.6066555895785493,-0.22190500583619008,0.4969050462000802,0.2987467577249698,0,2
way/4259897,Riverside Walk Gardens,park relaxed,parks,0.6819389867062993,-0.37933535705001176,0.4280433071302051,0.402922631941955,0,2
way/4259902,Millbank Gardens,park relaxed,parks,0.6819389867062993,-0.37933535705001176,0.5741657515328332,0.627231124772638,0,2
way/4259910,Causton Street Playground,park relaxed,parks,0.656387993932271,-0.26452234161177574,0.4139542742254992,0.30694853483908824,0,2
way/4260009,Archbishop's Park,park relaxed,parks,0.6755050487024183,0.05873771284343531,0.6853169227083218,0.07235541829171525,0,2
way/4267353,Clitterhouse Playing Fields,park relaxed,parks,0.4886044478939436,-0.2120254371374719,0.36612785708546985,0.2555730328170328,0,2
way/4268231,Lowlands Recreation Ground,park relaxed,parks,0.5059642199914691,-0.2654982310790283,0.44381628048966204,0.4571264310137312,0,2
way/4268233,The Grove Open Space,park relaxed,parks,0.5408601072636502,-0.23242525177036655,0.38947322053776956,0.30609941155255505,0,2
way/4270104,Barkingside Recreation Ground,park relaxed,parks,0.6037370124000984,0.049906457971024984,0.5722002469111029,0.03769835403837867,0,2
way/4271516,Mandeville Parkway,park relaxed,parks,0.677028270565737,-0.36292026509383135,0.40726461608494646,0.44491046170210263,0,2
way/4272920,Crabtree Fields,park relaxed,parks,0.677028270565737,-0.36292026509383135,0.3990233969378455,0.4258945513270006,0,2
way/4274490,Chestnuts Park,park relaxed,parks,0.6806955915080293,-0.3459263598039746,0.47303633618250196,0.4893909217367749,0,2
way/4280573,Tatem Park,park relaxed,parks,0.6729088477374365,-0.3528013764255464,0.48034410986009357,0.45516564910819984,0,2
node/30442275,Bamboo Garden,park relaxed,gardens,0.4813776796642028,-0.36803586258246956,0.3716621354391396,0.39627911494849144,0,0
node/207110707,Grass Garden,park relaxed,gardens,0.4627094049734709,-0.2954505000225841,0.42789113762072783,0.24449582959253913,0,0
node/207110829,Secluded Garden,park relaxed,gardens,0.4813776796642028,-0.36803586258246956,0.3708408168043154,0.4245598666031203,0,0
node/207111044,Order Beds,park relaxed,gardens,0.4966983295386023,-0.3717007685167306,0.3614297179639775,0.3634436391429848,0,0
node/207111138,The Duke's Garden,park relaxed,gardens,0.4813776796642028,-0.36803586258246956,0.37511807135059266,0.3884127555101274,0,0
node/207113336,The Queen's Garden,park relaxed,gardens,0.4813776796642028,-0.36803586258246956,0.3722051658661856,0.43936691235084885,0,0
node/207126970,The Director's Garden,park relaxed,gardens,0.4642499980895742,-0.3509365051741326,0.41351575778333216,0.4479266995133238,0,0
node/207137399,Rock Garden,park relaxed,gardens,0.4813776796642028,-0.36803586258246956,0.37585681203962445,0.4379938615397194,0,0
node/207138240,Woodland Garden,park relaxed,gardens,0.4813776796642028,-0.36803586258246956,0.3808541624522632,0.446736909004127,0,0
node/207139285,Azalea Garden,park relaxed,gardens,0.4813776796642028,-0.36803586258246956,0.4022076319125126,0.40456632352499605,0,0
node/207141757,Mediterranean Garden,park relaxed,gardens,0.46840630169547914,-0.34956492334541744,0.354291745300052,0.37388634732165976,0,0
node/207141983,Rose Garden,park relaxed,gardens,0.46840630169547914,-0.34956492334541744,0.39042533598331486,0.4263905315763744,0,0
node/207272295,Queen's Cottage Grounds,park relaxed,gardens,0.4966983295386023,-0.3717007685167306,0.33114539134458637,0.2939114152890905,0,0
node/207513563,The Cockpit,park relaxed,gardens,0.4966983295386023,-0.3717007685167306,0.38090028022097266,0.45377891416959415,0,0
node/370195256,Ornamental Garden,park relaxed,gardens,0.4804725363995851,-0.33976880682423277,0.39467566992866143,0.3914083897996166,0,0
node/420783220,Field of Hope,park relaxed,gardens,0.4966983295386023,-0.3717007685167306,0.37764708652893414,0.3684125426426354,0,0
node/448037429,Bridge House Gardens,park relaxed,gardens,0.48172601563828454,-0.3558573221211789,0.36260412549508964,0.3396530076143624,0,0
node/702318525,Aquatic Garden,park relaxed,gardens,0.4813776796642028,-0.36803586258246956,0.35645740079012317,0.4468981442789452,0,0
node/1348978158,Winter Garden,park relaxed,gardens,0.46840630169547914,-0.34956492334541744,0.35372493065483274,0.371180392526799,0,0
node/1348978159,Conservation Area,park relaxed,gardens,0.4966983295386023,-0.3717007685167306,0.3460048357097988,0.3591832127191067,0,0
node/1348978160,Berberis Dell,park relaxed,gardens,0.4966983295386023,-0.3717007685167306,0.37824480652127856,0.32375235837109034,0,0
node/1348978161,Woodland Glade,park relaxed,gardens,0.4966983295386023,-0.3717007685167306,0.34274481065436074,0.3892796487014427,0,0
node/1348978162,Redwood Grove,park relaxed,gardens,0.4966983295386023,-0.3717007685167306,0.37569118535776835,0.3912734498624912,0,0
node/1348978163,Rhododendron Dell,park relaxed,gardens,0.4966983295386023,-0.3717007685167306,0.3357142504437741,0.3412952470348456,0,0
node/1348978164,Student Vegetable Plots,park relaxed,gardens,0.4966983295386023,-0.3717007685167306,0.3221251325294287,0.31319640417119143,0,0
node/1982055860,Nannies' Lawn,park relaxed,gardens,0.4966983295386023,-0.3717007685167306,0.33802139009711646,0.36410220399691967,0,0
node/1982085230,The Meadow,park relaxed,gardens,0.4966983295386023,-0.3717007685167306,0.39087248710809475,0.42565821164344936,0,0
node/1982085234,The Parade Ground,park relaxed,gardens,0.39636450097796144,-0.285501445998947,0.3516766554307781,0.3692281412732914,0,0
node/2578705282,MR Valek Garden Landscapist,park relaxed,gardens,0.576156910200195,-0.09286993948157314,0.4918091717455809,0.17732718992310603,0,0
node/3725978141,Horniman's Wildlife Garden,park relaxed,gardens,0.4670254617767189,-0.35660660661166693,0.46347491924205464,0.443823423235126,0,0
node/4567226374,Allotment Gardens,park relaxed,gardens,0.5715944172204315,0.03925756323838788,0.5868488121709978,0.0034687183321438987,0,0
node/4678882807,Hornsey Park Community Garden,park relaxed,gardens,0.5235993880007458,-0.36334507987443354,0.4474083782999642,0.4345884593287784,0,0
node/6582725771,Levita House Plantation,park relaxed,gardens,0.5971497041304556,0.13516458028223993,0.5482302897905911,-0.08944606255964242,0,1
node/7133584273,Footpath Nursery,park relaxed,gardens,0.5426928103415525,-0.13180107410812486,0.46600445341757973,0.18435846296581282,0,0
node/7552636680,Mabley Edible Garden,park relaxed,gardens,0.4624313599398473,-0.32562049169296653,0.36374016936165066,0.26026979232165576,0,0
node/7644040345,Walled Formal Garden,park relaxed,gardens,0.4813776796642028,-0.36803586258246956,0.40501411294614675,0.39390752811166785,0,0
node/8080669417,Core Landscapes,park relaxed,gardens,0.45416789118723316,-0.22113008242948015,0.39926200007123913,0.22799900855242206,0,0
node/8869785683,Tooting Community Garden,park relaxed,gardens,0.42571900071482044,-0.2530556119029324,0.4390907838970443,0.26566814208188666,0,0
node/9687834484,OmVed Gardens,park relaxed,gardens,0.47389865375629453,-0.2933544614288403,0.44116502242799555,0.31844198079003616,0,0
node/10264287285,Forest of Thanks,park relaxed,gardens,0.3977704132023841,-0.26164085048158425,0.3766700035430526,0.26697547273926303,0,0
node/11382861063,Rose Garden,park relaxed,gardens,0.4813776796642028,-0.36803586258246956,0.403930813384076,0.4679517421210462,0,0
node/11544241894,West Wickham Allotments,park relaxed,gardens,0.4594376358651478,-0.33557462828754303,0.3561948487236016,0.31455174839882893,0,0
node/12156767568,Onion Garden,park relaxed,gardens,0.45653792705134877,-0.3429900934215387,0.387745257223887,0.40481445520083115,0,0
node/12686983560,Cultivate London @Berrymede Community Gardens,park relaxed,gardens,0.46466822533575425,0.10944972561385959,0.6047926160158968,-0.07716086593207488,0,1
node/12687082730,Cultivate London @The Salopian Garden,park relaxed,gardens,0.5409718742296183,0.1341053547788667,0.5991563507945376,-0.10552040359901864,0,1
node/12687089050,Cultivate London @DIG Hanwell,park relaxed,gardens,0.49220186669071303,0.20284337354672094,0.5724275352702043,-0.12457531438215808,1,1
node/13275558232,Rose Garden,park relaxed,gardens,0.4804725363995851,-0.33976880682423277,0.43620689113368605,0.41075107780661074,0,0
way/3178749,Norfolk Square Garden,park relaxed,gardens,0.44388151782779445,-0.22735653162362895,0.4531078317542377,0.16708111896649144,0,0
way/3991492,Privy Garden,park relaxed,gardens,0.47789739250417196,-0.3556717449001179,0.4304895217651566,0.3124427575482647,0,0
way/4005250,Isabella Plantation,park relaxed,gardens,0.6016770076089077,-0.2549854128245308,0.5081642398757447,0.15259931020361603,0,1
way/4081035,Park Crescent Gardens,park relaxed,gardens,0.6170430427025871,-0.35095828153916403,0.567075804016277,0.35265004720625975,0,0
way/4081036,Park Square Gardens,park relaxed,gardens,0.5924175094755884,-0.31661592649908765,0.5650124809414989,0.3895615812470354,0,0
way/4253431,Bedford Square,park relaxed,gardens,0.41655339467414815,-0.26765934401679536,0.3800873102056299,0.23254190860467983,0,0
way/4253511,Friends House Garden,park relaxed,gardens,0.4589156348338416,-0.31819034995865664,0.38642479839081495,0.23915861890589135,0,0
way/4256650,Vauxhall Gardens Allotments,park relaxed,gardens,0.47167714519176646,-0.3432252392364446,0.4015391705769188,0.3255008992521572,0,0
way/4256999,Victoria Square,park relaxed,gardens,0.43078249549195136,-0.30336207996676323,0.40911775940401285,0.37203032912374573,0,0
way/4260010,Lambeth Palace Garden,park relaxed,gardens,0.4813776796642028,-0.36803586258246956,0.3916231927763442,0.3680949949106904,0,0
way/4270739,Thomas More Garden,park relaxed,gardens,0.4722976895618064,-0.35564994064601585,0.4195741948058048,0.3975981142838413,0,0
way/4270744,Barbican Wildlife Garden,park relaxed,gardens,0.573344530880575,0.006421562962503543,0.6371615577534167,0.12808359245231388,0,0
way/4315778,The Walks,park relaxed,gardens,0.4462902856744008,-0.18238772271151188,0.4590091375876281,0.19427479272441467,0,0
way/4363425,Cadogan Place North Garden,park relaxed,gardens,0.4594183995745581,-0.34629484490836754,0.3759771275023049,0.3608785215078842,0,0
way/4363426,Cadogan Place South Garden,park relaxed,gardens,0.437391042282639,-0.3144981486187497,0.37739991031274434,0.2692275867723055,0,0
way/4363427,Cadogan Square Garden,park relaxed,gardens,0.4600527246866036,-0.31515609830806496,0.39408666856889346,0.3427356480559615,0,0
way/4363428,Lennox Gardens,park relaxed,gardens,0.46999825334357964,-0.3439948376958264,0.4187795223842799,0.3821492456064558,0,0
way/4384305,Swaby Gardens,park relaxed,gardens,0.4575310799424335,-0.30431820539089477,0.40619771974179397,0.33754938310577476,0,0
way/4780410,Cleveland Square,park relaxed,gardens,0.4585744842835016,-0.24021765111763435,0.48286236566708385,0.28426118933031,0,0
way/4959893,Prince's Gardens,park relaxed,gardens,0.46343661367148997,-0.251772707442753,0.47818101870312074,0.1648175412737465,0,0
way/4964138,Sunken Garden,park relaxed,gardens,0.4813776796642028,-0.36803586258246956,0.39171706424032515,0.42263573294716883,0,0
way/4969746,Inner Temple Garden,park relaxed,gardens,0.4884304173457172,-0.3347880428414714,0.3778882232154473,0.29144702522117966,0,0
way/4981842,Ladbroke Square Garden,park relaxed,gardens,0.4449829051784627,-0.3039716046542579,0.4065175972995721,0.2614713665332072,0,0
way/4996129,Philbeach Gardens,park relaxed,gardens,0.48463047279039856,-0.2819471160480523,0.41785316741661477,0.23076498008805357,0,0
way/4996140,Nevern Square Garden,park relaxed,gardens,0.470022457245612,-0.2903363197412285,0.4157320404133624,0.34522796007172496,0,0
way/5038724,Lowndes Square Gardens,park relaxed,gardens,0.45821866958977964,-0.3027450296866466,0.4178850818660756,0.27977166952239435,0,0
way/5038725,Hans Place Garden,park relaxed,gardens,0.48063988337988217,-0.32433183529367915,0.4473400209669322,0.3280852525682632,0,0
way/5112993,William Grigg's Garden,park relaxed,gardens,0.4813776796642028,-0.36803586258246956,0.37982817803331803,0.3911775018482035,0,0
way/5319726,Tedworth Square,park relaxed,gardens,0.4399740805279746,-0.2893624921034424,0.3916021452415843,0.309442137862653,0,0
way/5464883,The Oval,park relaxed,gardens,0.4966983295386023,-0.3717007685167306,0.39405205617966094,0.47161717084783994,0,0
way/5464884,Japanese Garden,park relaxed,gardens,0.4813776796642028,-0.36803586258246956,0.3547567280495647,0.44948467851676294,0,0
way/5464885,Sexby Garden,park relaxed,gardens,0.48226734445076724,-0.3658787670994705,0.46189519674416524,0.2838757410905363,0,0
way/5464886,American Garden,park relaxed,gardens,0.48226734445076724,-0.3658787670994705,0.3857365975476685,0.378420485102512,0,0
way/7944907,Barkston Gardens,park relaxed,gardens,0.4496089342145792,-0.3314838435539216,0.4310688767904144,0.2916718908002981,0,0
way/7944966,Courtfield Gardens (West),park relaxed,gardens,0.48149398943596516,-0.28981172828688306,0.41837865532608914,0.3178235318815706,0,0
way/7945054,Bramham Gardens,park relaxed,gardens,0.48149398943596516,-0.28981172828688306,0.44472612283831364,0.3428889079452945,0,0
way/7945412,Collingham Gardens,park relaxed,gardens,0.4593772675636069,-0.33418422836309125,0.43797856215444697,0.3450286228135307,0,0
way/10782218,Evelyn Gardens,park relaxed,gardens,0.46999825334357964,-0.3439948376958264,0.41346778765719494,0.38400769578336885,0,0
way/10782605,Cranley Gardens,park relaxed,gardens,0.46999825334357964,-0.3439948376958264,0.4086480878982073,0.39664106338305766,0,0
way/10782657,Onslow Gardens,park relaxed,gardens,0.46999825334357964,-0.3439948376958264,0.4074886986045389,0.4072894075542903,0,0
way/10782688,Onslow Gardens,park relaxed,gardens,0.46999825334357964,-0.3439948376958264,0.4074886986045389,0.4072894075542903,0,0
way/10782741,Onslow Gardens,park relaxed,gardens,0.46999825334357964,-0.3439948376958264,0.4074886986045389,0.4072894075542903,0,0
way/10806964,Chelsea Physic Garden,park relaxed,gardens,0.5865392553721801,0.029755692851027457,0.5646988842485118,0.09308351411309267,0,0
way/4074720,Bromley Reservoir,park relaxed,green_spaces,0.08924430138275366,-0.050491087934100023,0.24476511583276048,-0.19474113969044216,2,1
way/4234156,Ealing Northern (Open Land),park relaxed,green_spaces,0.09075306821157489,-0.03400136083237377,0.20689742365070318,-0.16020909460893137,2,1
way/4234159,Harrow Reservoir,park relaxed,green_spaces,0.1367911205158209,-0.04339720717877827,0.2669914995935074,-0.1659771519258342,2,1
way/4251094,Ealing Reservoir,park relaxed,green_spaces,0.1367911205158209,-0.04339720717877827,0.32457952192257467,-0.12700695064669254,2,1
way/4281065,Dollis Hill Reservoir,park relaxed,green_spaces,0.14227288033755117,-0.049341188697252306,0.2890759514940376,-0.15380587297087936,2,1
way/4927733,Ealing Golf Driving Range,park relaxed,green_spaces,0.09014305124192641,-0.05108720487870538,0.23895181224502177,-0.17242453952320957,2,1
way/5068514,Isleworth Green,park relaxed,green_spaces,0.10689286934883166,-0.0536420665172585,0.19517159072626122,-0.15486102393475376,2,1
way/22377068,Tookes Green,park relaxed,green_spaces,0.10689286934883166,-0.0536420665172585,0.2216910384973137,-0.1511902931339153,2,1
way/23140345,Brickfield Lane  Playground,park relaxed,green_spaces,0.08342008612505028,-0.026443729012144552,0.21299741939041628,-0.15821467752794638,2,1
way/23458117,Well Meadow,park relaxed,green_spaces,0.09014305124192641,-0.05108720487870538,0.20319476025782035,-0.19286061175541533,2,1
way/23501395,Chase Green,park relaxed,green_spaces,0.10765341014413829,-0.054346603719648064,0.20306271634276313,-0.15404197600581004,2,1
way/23660189,Brackenbridge Field,park relaxed,green_spaces,0.09014305124192641,-0.05108720487870538,0.20761912232991137,-0.18205678402660505,2,1
way/24436451,Dana Centre Lawn,park relaxed,green_spaces,0.09014305124192641,-0.05108720487870538,0.20381938361835494,-0.1814086579122991,2,1
way/25461953,Fox Hill Green,park relaxed,green_spaces,0.10193723799299848,-0.043785376825338666,0.18811950551153372,-0.15856026373006682,2,1
way/25590055,Fountain Court,park relaxed,green_spaces,0.09014305124192641,-0.05108720487870538,0.23126077845935017,-0.19528870513698157,2,1
way/25625883,Maple Close Open Space,park relaxed,green_spaces,0.09075306821157489,-0.03400136083237377,0.19425887805360434,-0.13462344412549485,2,1
way/27153151,Partridge Green,park relaxed,green_spaces,0.10765341014413829,-0.054346603719648064,0.19725431590465897,-0.1761558661160342,2,1
way/28894489,Hook Road Arena,park relaxed,green_spaces,0.11109964677541861,-0.004628189567322123,0.305403937281431,-0.12292908372741576,2,1
way/29128017,Deer Enclosure,park relaxed,green_spaces,0.08924430138275366,-0.050491087934100023,0.29474111354489524,-0.08473452534494649,2,1
way/29212163,Hockey field,park relaxed,green_spaces,0.08924430138275366,-0.050491087934100023,0.2392531834027207,-0.14998279458032376,2,1
way/29242411,The Hill Garden and Pergola,park relaxed,green_spaces,0.2134951741688912,-0.14082338089819396,0.33211939502013027,-0.05011231390302741,2,1
way/29624267,Hampstead Reservoir,park relaxed,green_spaces,0.14773674127167946,-0.03903242529141331,0.2991965101511176,-0.1372271696302198,2,1
way/30411858,Pasture Ground,park relaxed,green_spaces,0.09591903396207535,-0.048651767077316714,0.21608196706996047,-0.16121044197438444,2,1
way/30433385,Sports Ground,park relaxed,green_spaces,0.11393914470470128,-0.039159538178566,0.25088657466216635,-0.1271405358973002,2,1
way/30694329,Lady Trower Trust,park relaxed,green_spaces,0.10226495754619053,-0.049259197875852465,0.27122515163764194,-0.12177256466680174,2,1
way/31008050,Central Square,park relaxed,green_spaces,0.12404510209361665,-0.07282491837804038,0.2239128847006716,-0.11801219735263668,2,1
way/32741362,Robin Hood Green,park relaxed,green_spaces,0.10765341014413829,-0.054346603719648064,0.2889710338497246,-0.2826634972693864,2,1
way/32744367,Tillingbourne Green Open Space,park relaxed,green_spaces,0.1078132349938524,-0.0399544277853542,0.20621884608668442,-0.1492993795950526,2,1
way/35323257,Eltham Green,park relaxed,green_spaces,0.10765341014413829,-0.054346603719648064,0.19458391449018553,-0.15919132283079107,2,1
way/35428112,Yarnfield Square,park relaxed,green_spaces,0.12404510209361665,-0.07282491837804038,0.20204382437658464,-0.16068157033097114,2,1
way/37248717,Ruxley Corner,park relaxed,green_spaces,0.09014305124192641,-0.05108720487870538,0.19918304114031798,-0.17619974881200576,2,1
way/39195092,Crouch Hill Reservoir,park relaxed,green_spaces,0.13185516956372087,-0.04074529717063218,0.3178128659460798,-0.1487090043942107,2,1
way/40312513,Guerin Square,park relaxed,green_spaces,0.12404510209361665,-0.07282491837804038,0.22095486376547313,-0.17643525924015868,2,1
way/40312528,Heylyn Square,park relaxed,green_spaces,0.12404510209361665,-0.07282491837804038,0.21607657408086578,-0.1736992454498857,2,1
way/40312649,Trellis Square,park relaxed,green_spaces,0.12404510209361665,-0.07282491837804038,0.19768320290948635,-0.1486300450818172,2,1
way/40312654,Sheffield Square,park relaxed,green_spaces,0.12404510209361665,-0.07282491837804038,0.19479905711930146,-0.1509772873809259,2,1
way/41832294,Tudor Court West,park relaxed,green_spaces,0.10054345263880855,-0.037510790171310725,0.20983817779533467,-0.1740599808879258,2,1
way/41832295,Tudor Court East,park relaxed,green_spaces,0.10054345263880855,-0.037510790171310725,0.2505359053631744,-0.14341620183210746,2,1
way/44047853,Lower Well Meadow,park relaxed,green_spaces,0.09014305124192641,-0.05108720487870538,0.1910462019191005,-0.17510586209373766,2,1
way/46184354,The Drive Green,park relaxed,green_spaces,0.10765341014413829,-0.054346603719648064,0.20833415851395004,-0.18172054217814995,2,1
way/47032484,Former Bushey Hall Golf Course,park relaxed,green_spaces,0.09014305124192641,-0.05108720487870538,0.20481558405543862,-0.14208582783145704,2,1
way/48915780,Hornsey Lane Reservoir,park relaxed,green_spaces,0.1257928924245556,-0.02387023639263887,0.26138691993358065,-0.1616042463379388,2,1
way/49901775,Rivermead Island,park relaxed,green_spaces,0.14332605281328722,-0.048463743179031966,0.25270284195867204,-0.11894311234250757,2,1
way/61278333,The Paddock,park relaxed,green_spaces,0.09014305124192641,-0.05108720487870538,0.20202564738670825,-0.19005317526439933,2,1
way/79263214,Walford Park,park relaxed,green_spaces,0.41016683976653034,-0.21462437252487546,0.42343597234105423,0.1288067079804778,2,2
way/98631142,Queen's Lawn,park relaxed,green_spaces,0.14923545663348786,-0.024824586278696843,0.25886897460477243,-0.14603751113834895,2,1
way/99337488,Antrim Gardens,park relaxed,green_spaces,0.16481760006971163,-0.0841490657416435,0.27424593813170534,-0.1372482837559699,2,1
way/103871016,Hawtrey Gardens,park relaxed,green_spaces,0.16481760006971163,-0.0841490657416435,0.27474054197511777,-0.13350042125919276,2,1
way/104427632,Greenway,park relaxed,green_spaces,0.13133985305430554,-0.03856690336156493,0.3312985436763993,-0.19257215547778544,2,1
way/104427633,Greenway,park relaxed,green_spaces,0.13133985305430554,-0.03856690336156493,0.35089867296579613,-0.14851156476638655,2,1
way/104427634,Greenway,park relaxed,green_spaces,0.13133985305430554,-0.03856690336156493,0.35089867296579613,-0.14851156476638655,2,1
way/104427635,Greenway,park relaxed,green_spaces,0.13133985305430554,-0.03856690336156493,0.35089867296579613,-0.14851156476638655,2,1
way/104427637,Greenway,park relaxed,green_spaces,0.13133985305430554,-0.03856690336156493,0.35089867296579613,-0.14851156476638655,2,1
way/105879353,Quad,park relaxed,green_spaces,0.09014305124192641,-0.05108720487870538,0.2123373186380737,-0.20282587435612945,2,1
way/107287748,Six Acre Meadow,park relaxed,green_spaces,0.09587858918984571,-0.04228020850544368,0.3003287839201119,-0.13445084483967515,2,1
way/132654468,The Water Gardens,park relaxed,green_spaces,0.24330170545400226,-0.13910049719138684,0.3591230410796939,-0.01425042904362941,2,1
way/139726524,Treasury Green,park relaxed,green_spaces,0.10765341014413829,-0.054346603719648064,0.1968451501610366,-0.16702725090232298,2,1
way/142762359,The Meadow,park relaxed,green_spaces,0.09014305124192641,-0.05108720487870538,0.20319476025782035,-0.19286061175541533,2,1
way/146284065,Hopkins' Field,park relaxed,green_spaces,0.19597031505566972,-0.02788136011574073,0.38578611744782815,-0.15042396060629432,2,1
way/147193751,Navestock Cricket Ground,park relaxed,green_spaces,0.09652407140749455,-0.04961371710450465,0.20655363381309644,-0.16450941138894568,2,1
way/151622204,The Green,park relaxed,green_spaces,0.10765341014413829,-0.054346603719648064,0.20910406165994638,-0.18839569822572239,2,1
way/156515559,Three Mills Green,park relaxed,green_spaces,0.11643744658479122,-0.04299714812491831,0.24286223880935814,-0.18627814647094296,2,1
way/160628294,Inmost Ward,park relaxed,green_spaces,0.09014305124192641,-0.05108720487870538,0.26655286681676704,-0.1728540570449006,2,1
way/160628311,Tower Green,park relaxed,green_spaces,0.10765341014413829,-0.054346603719648064,0.22529317017888273,-0.19254883738427284,2,1
way/160775924,The Square,park relaxed,green_spaces,0.12404510209361665,-0.07282491837804038,0.21346584786750006,-0.17125008468439074,2,1
way/160775926,Car Park 4,park relaxed,green_spaces,0.2898447970764094,-0.11762611408433184,0.369159050749338,-0.027812872133508727,2,1
way/163507897,College Green,park relaxed,green_spaces,0.10765341014413829,-0.054346603719648064,0.215082336175336,-0.18526267482881623,2,1
way/168562297,The Dome Roundabout,park relaxed,green_spaces,0.0879716669122162,-0.049923179937483214,0.2501892121945169,-0.1318378582002605,2,1
way/170028609,Addington Reservoir,park relaxed,green_spaces,0.11010058174350706,-0.05036736750432093,0.35894498564588406,-0.11136285048117442,2,1
way/173297501,Loughton Football Club,park relaxed,green_spaces,0.09014305124192641,-0.05108720487870538,0.2357132234812426,-0.20584187663512699,2,1
node/25544124,Tesco Express,commercial stressful,shops,0.28500159090618604,0.4847834565202076,0.5642048929734306,-0.3334631796055219,1,1
node/25744394,Tesco Express,commercial stressful,shops,0.27555819059613107,0.447966678630535,0.5821189104392543,-0.3272518949541263,1,1
node/25813308,Tesco Express,commercial stressful,shops,0.27817247592840544,0.4766636425001701,0.5955081666141406,-0.3902155103788426,1,1
node/25962160,Chris Dry Cleaners,commercial stressful,shops,0.3019364940853267,0.5115453756928213,0.39576540145152556,-0.2760166021535227,1,1
node/26618618,M&S Foodhall,commercial stressful,shops,0.3382233698752057,0.5224934332367948,0.6876827056152013,-0.16279203180427015,1,1
node/26659113,Sainsbury's Local,commercial stressful,shops,0.3018717385095551,0.4612015553955923,0.6470659383390873,-0.2020198489438728,1,1
node/26817795,Tesco Express,commercial stressful,shops,0.27075829104565624,0.43959494264067445,0.5749985235901797,-0.35603436437588165,1,1
node/26819169,Waitrose,commercial stressful,shops,0.3539769510841134,0.5423110679005964,0.60845285106504,-0.22811313994170826,1,1
node/26980206,Nisa Local,commercial stressful,shops,0.19478392799713867,0.29952154132115044,0.44568390933841945,-0.04284478881354519,1,1
node/27408324,Marks & Spencer,commercial stressful,shops,0.2402903717139188,0.3287716000474159,0.5636812821020817,-0.06713225469026864,1,1
node/28885878,IP Autos,commercial stressful,shops,0.15821043988139594,0.3377340633826946,0.2172701999474108,-0.12919657727573555,1,1
node/30584447,Mia Wood,commercial stressful,shops,0.39983021779677785,0.6389143727629232,0.5320014874639274,-0.3846715026903535,1,1
node/31313902,Puma,commercial stressful,shops,0.18277184788225895,0.3041809810603742,0.46146139084066434,0.08576561888156176,1,1
node/31472695,Siragro Food & Wine,commercial stressful,shops,0.19791592330693408,0.36197728530862555,0.4012672238761387,-0.2004361291148923,1,1
node/31476173,Curapharm Chemist,commercial stressful,shops,0.40841049587649497,0.6380234931189883,0.5874846285070172,-0.24722416011643325,1,1
node/31476174,Wonders London,commercial stressful,shops,0.3515776072855695,0.5897536371565603,0.4565397033087984,-0.3379044983692257,1,1
node/31937418,Upper Mulgrave Road Post Office,commercial stressful,shops,0.3491283360667741,0.5860498495480756,0.5429463912233659,-0.2672770617888302,1,1
node/33869591,Medipharmacy,commercial stressful,shops,0.3886424995930069,0.6172932168421857,0.5337223680127346,-0.3182956620496467,1,1
node/34578754,Tesco Express,commercial stressful,shops,0.25548405617943665,0.4285316461745258,0.5641918543966222,-0.39207268260477657,1,1
node/36214440,Londis,commercial stressful,shops,0.29094542840231796,0.5259927800144598,0.4656516432144942,-0.31028127339730627,1,1
node/36223764,Costcutter,commercial stressful,shops,0.4020228063198861,0.661899415851605,0.60754675350997,-0.34273302880178813,1,1
node/36312259,Co-op Food,commercial stressful,shops,0.20049155993800935,0.27142226984531287,0.44823015645422315,-0.06592684704868872,1,1
node/36494875,Home Bargains,commercial stressful,shops,0.2983787618194648,0.2709911075005291,0.2824200400041331,-0.05674763975077611,1,1
node/36494877,Halfords,commercial stressful,shops,0.20556055179648958,0.26176290982529,0.3799196447664937,-0.13325619685850315,1,1
node/36496996,TK Maxx,commercial stressful,shops,0.19978866477531185,0.27854311088919903,0.34662945023837566,-0.15824680609790984,1,1
node/36511105,P J News,commercial stressful,shops,0.39266849554630534,0.6795197865417346,0.48362138213852646,-0.4000460213750466,1,1
node/36684378,Station Convenience Store,commercial stressful,shops,0.3085641750505727,0.5434945636404951,0.5093967332904051,-0.43533472812397067,1,1
node/37155069,Best-one,commercial stressful,shops,0.3741499621474278,0.6565078469108411,0.6232722906303945,-0.3614387691670445,1,1
node/38935912,Evans Cycles,commercial stressful,shops,0.3407265945897251,0.5295348951700802,0.4554168582164786,-0.2929868028850508,1,1
node/42220032,Spar,commercial stressful,shops,0.18425468903360687,0.3516966055495877,0.2639833893521251,-0.16480731967940698,1,1
node/45265874,Iceland,commercial stressful,shops,0.3333564384132887,0.5168825560089916,0.517083381665546,-0.21614634627257992,1,1
node/45273747,Williams Bakery,commercial stressful,shops,0.15821043988139594,0.3377340633826946,0.20912007723664544,-0.10638797019093858,1,1
node/45273871,Nisa Local,commercial stressful,shops,0.2882933374695124,0.45911872627517486,0.6489538821497126,-0.1695582613919901,1,1
node/45274552,Co-op Food,commercial stressful,shops,0.20891242382079642,0.284690953029568,0.530626089891159,0.03813055435963118,1,1
node/45276256,Images,commercial stressful,shops,0.31784088045230036,0.5062332045358822,0.6369261940656418,-0.21678482930198223,1,1
node/45284148,B&Q,commercial stressful,shops,0.20247384310296865,0.311458576880708,0.3814563936041311,-0.09699426184293247,1,1
node/49233948,Sainsbury's New Barnet,commercial stressful,shops,0.18630075111815073,0.2484257627563607,0.33778719034218313,-0.08742194793842242,1,1
node/49311845,Waitrose,commercial stressful,shops,0.20975000409178432,0.2900085128061147,0.4415232139899052,-0.12556821823955683,1,1
node/49879534,Morrisons Daily,commercial stressful,shops,0.37701427766586776,0.553822565420335,0.660491695693934,-0.1883344475349046,1,1
node/57215757,Iceland,commercial stressful,shops,0.3795705364498185,0.5758726711741258,0.685613169202139,-0.1511501758289349,1,1
node/60011421,Ladbrokes,commercial stressful,shops,0.18240535650565592,0.2638612305522674,0.4650498891025951,-0.003754642369055051,1,1
node/60093128,Tesco Express,commercial stressful,shops,0.23994779691040244,0.39374495702415696,0.5776464809507112,-0.2924490915021388,1,1
node/60661040,Tesco Express,commercial stressful,shops,0.2958883938575458,0.4788726668886485,0.6382520859127702,-0.2761618209739135,1,1
node/64811055,Compton Cycles,commercial stressful,shops,0.22157957246995436,0.333943613005735,0.5680269258519106,-0.12623868777394348,1,1
node/96528640,D Johnson & Sons,commercial stressful,shops,0.28486377864845636,0.49843809607427664,0.39806458838906505,-0.23263280962150526,1,1
node/132686936,Co-op Food,commercial stressful,shops,0.33026716889382074,0.4968135041304242,0.6305683907493893,-0.1852428868813883,1,1
node/133191330,Tesco Express,commercial stressful,shops,0.2979366044731439,0.49507954822951006,0.6120800418184187,-0.2963694843178992,1,1
node/137790430,Dhara News,commercial stressful,shops,0.3586120548845177,0.6209773529445634,0.5256481766341872,-0.4183178772865507,1,1
node/137790992,Cost u Less,commercial stressful,shops,0.3627400339696907,0.6282626804999253,0.5555907417375466,-0.4425840436207655,1,1
node/137791309,Medichem Pharmacy,commercial stressful,shops,0.3410473367632221,0.5847000995806515,0.6105267397529858,-0.23375598986525128,1,1
node/137791776,Stepney Fruit & Veg,commercial stressful,shops,0.35747135950676967,0.6310151019041412,0.5003061122514317,-0.42086841902174876,1,1
node/142436112,Cambridge Supermarket,commercial stressful,shops,0.3460703038439612,0.6221390769459938,0.5157766600331445,-0.42836192429504194,1,1
node/142528191,Leyland SDM,commercial stressful,shops,0.3874528881125385,0.6559548360250832,0.44362839369815193,-0.36817722503513167,1,1
node/144122753,Becky's Convenience Store,commercial stressful,shops,0.28164472102561244,0.5142447255302216,0.44843330294279915,-0.39247412364531997,1,1
node/144128316,The Village Garage,commercial stressful,shops,0.1550700504794768,0.3247740097102475,0.2395134211126062,-0.1397577854996957,1,1
node/169373136,Prime Dry Cleaners,commercial stressful,shops,0.3832449385927269,0.6723681572571797,0.43458685019074234,-0.35750894683617573,1,1
node/203724940,Riverside General Store,commercial stressful,shops,0.3405632938148252,0.5985546988060693,0.5753724842462684,-0.3046164185542253,1,1
node/213686196,Tesco Express,commercial stressful,shops,0.28940475699544777,0.4703929448610502,0.6261437760924603,-0.23675525489094235,1,1
node/225978498,Evans Cycles,commercial stressful,shops,0.11062343879664349,0.2009614325030592,0.22229326242619366,-0.10316524111021584,1,1
node/242062212,Nick's Tyres,commercial stressful,shops,0.15821043988139594,0.3377340633826946,0.27774429570600984,-0.20065745855901956,1,1
node/243583757,Lidl,commercial stressful,shops,0.3888880577459171,0.5625783063282078,0.6618346927223796,-0.21195901414106608,1,1
node/243584788,Lidl,commercial stressful,shops,0.309694441457203,0.4600964727538127,0.5855196116590763,-0.33660967876054054,1,1
node/243772154,Kidbrooke Parade Post Office,commercial stressful,shops,0.353161887834441,0.5986415507944944,0.6438070272342161,-0.23137809147735877,1,1
node/243832551,M&S Simply Food,commercial stressful,shops,0.23321959928342487,0.33541519988617663,0.5242597956910809,-0.053780927608810786,1,1
node/245435426,North Hill Food & Wine,commercial stressful,shops,0.2584569482949911,0.45297169894589945,0.46453910534184384,-0.29584318568293827,1,1
node/246116024,Tesco,commercial stressful,shops,0.31107319433049246,0.4890616102613496,0.6981951954518604,-0.1708666160814497,1,1
node/247956786,Bread Ahead,commercial stressful,shops,0.3930133008392898,0.5825027948594517,0.5390712952725444,-0.24914132606701825,1,1
node/247956793,Evans Cycles,commercial stressful,shops,0.30576767037039093,0.46361127177800543,0.6126625677958061,-0.17233266459870605,1,1
node/247957484,On Your Bike,commercial stressful,shops,0.28115498331388156,0.44057678661809685,0.5768258207262646,-0.2541314679827704,1,1
node/247957874,Brand Academy,commercial stressful,shops,0.38152557513618157,0.6647880448524452,0.48417044521820457,-0.3718049185850013,1,1
node/248042435,Co-op Food,commercial stressful,shops,0.3413056717989114,0.49658737904958394,0.5724940167684102,-0.253410183540147,1,1
node/248228823,Wallington Cycles,commercial stressful,shops,0.33025926049225546,0.5623678243501581,0.4876378831825703,-0.34077059504599955,1,1
node/248443157,Shopping Tree Hoxton,commercial stressful,shops,0.32675130627052096,0.560524937133501,0.5697059300071251,-0.34894209690987776,1,1
node/248443159,VB Stores,commercial stressful,shops,0.37565647528513446,0.6742011264865171,0.5201067650518293,-0.40932531672517747,1,1
node/248443161,Zeyno Supermarket,commercial stressful,shops,0.3504784518635033,0.6214691306469081,0.5409384944089326,-0.45017254516487476,1,1
node/248444186,Co-op Food,commercial stressful,shops,0.33845264067287384,0.4773725027433068,0.6403075101948368,-0.16156673137189134,1,1
node/248549872,The Specialist,commercial stressful,shops,0.15821043988139594,0.3377340633826946,0.2267138877523923,-0.11591524297513994,1,1
node/248549891,Crighton News,commercial stressful,shops,0.3775794053054648,0.6640361379830733,0.574156483680323,-0.435367005499495,1,1
node/249315771,Hussey's Butchers,commercial stressful,shops,0.32731176574061266,0.5371907866021668,0.6053267506986785,-0.1387878180697422,1,1
node/249793692,Tesco Express,commercial stressful,shops,0.2880978979382739,0.4882443520964406,0.6292020149979244,-0.3487945087262438,1,1
node/250312696,Anna Pharmacy,commercial stressful,shops,0.3447254415297131,0.56553072069577,0.6339401790608443,-0.22966433082336704,1,1
node/252705277,J-S newsagents,commercial stressful,shops,0.33749038336978104,0.5726171497421868,0.5671400319863985,-0.3767446583634154,1,1
node/252707575,Halfords,commercial stressful,shops,0.18011797159416856,0.23168005643727518,0.3770229787307524,-0.1274292003500401,1,1
node/253252073,Squires,commercial stressful,shops,0.1391011138378148,0.27008452871641103,0.2671835035250057,-0.10207840633915835,1,1
node/253365249,HWM Group Aston Martin & Alfa Romeo,commercial stressful,shops,0.18018114939230445,0.2955767610808924,0.299655284349663,-0.09509815011541134,1,1
node/253469667,Volkswagen,commercial stressful,shops,0.1864492421055877,0.3371080088709973,0.30517372606705234,-0.044480985326934556,1,1
node/253469668,The Revolution,commercial stressful,shops,0.3953755686606452,0.6858260054226557,0.46974066302929707,-0.43152274434206617,1,1
node/254338354,1st Class Wines,commercial stressful,shops,0.32233995853288183,0.5293736642298184,0.6448823099697767,-0.14177337869317125,1,1
node/254383447,Lidl,commercial stressful,shops,0.34409914177584366,0.49367564962942334,0.6241570176724872,-0.15984690911045346,1,1
node/255006104,Boots,commercial stressful,shops,0.3939640349052209,0.6187325029392938,0.6307631969801277,-0.19628966134663872,1,1
node/255012043,Tesco Express,commercial stressful,shops,0.3092645141269157,0.5211596982378229,0.7135740250453414,-0.2134882754889049,1,1
node/255012050,Marks & Spencer,commercial stressful,shops,0.30478721848724966,0.48573272584530497,0.6901879711437524,-0.20208735972680292,1,1
node/255684387,Lords Builders Merchants,commercial stressful,shops,0.35941270197281167,0.5774380605112516,0.48534449835987176,-0.34652223991925013,1,1
node/256141206,Estehair Medical,commercial stressful,shops,0.18443943417048458,0.27595631189048675,0.3720603602903795,-0.10518150089248891,1,1
node/257163583,Technical Merritt Computer Services,commercial stressful,shops,0.4005533259483576,0.6503557052809646,0.48621917836527934,-0.3454058854748159,1,1
node/257163685,Spar,commercial stressful,shops,0.38510071990961375,0.5655339021069654,0.6333190724665797,-0.2303866960917363,1,1
node/257464734,Tesco Express,commercial stressful,shops,0.2949410926772698,0.5018997754596042,0.6845934561629405,-0.2806643516457089,1,1
node/258016396,Londis,commercial stressful,shops,0.3947723282515666,0.5854599143358148,0.5951344565031828,-0.2716856534667611,1,1
node/258016400,JK CCTV & Technologies,commercial stressful,shops,0.41723947605251277,0.561233041799069,0.4826721760668266,-0.2751447668527913,1,1
node/258016401,Sam's Barbers,commercial stressful,shops,0.41723947605251277,0.561233041799069,0.5277885408459184,-0.3522620202749656,1,1
node/258016404,Lushley So,commercial stressful,shops,0.41723947605251277,0.561233041799069,0.5321022463682885,-0.35725804460274835,1,1
node/258016410,Hair Gallery,commercial stressful,shops,0.4728867104653574,0.6318865755342445,0.5398663615297382,-0.40937941049415405,1,1
node/258016411,day 1,commercial stressful,shops,0.3787495664313193,0.563495566219768,0.598047058383553,-0.3177273875771423,1,1
node/258016413,Shutes Tattoos,commercial stressful,shops,0.41723947605251277,0.561233041799069,0.502678188734637,-0.2785016112566183,1,1
node/258016415,Corners,commercial stressful,shops,0.33057160175201256,0.5919046509493048,0.5809967822950617,-0.34709189065043033,1,1
node/258016827,Nisa Local,commercial stressful,shops,0.19513724246151076,0.3132721719567991,0.5631149225192861,0.05952888735317218,1,2
node/258366201,Costcutter,commercial stressful,shops,0.40720547187401135,0.6318633313512172,0.6050141587305071,-0.3630459953021799,1,1
node/261631697,Cotor Flooring Ltd,commercial stressful,shops,0.1357697339536751,0.281347584973752,0.23242469371807545,-0.1212174887968981,1,1
node/262411966,China Ark,commercial stressful,shops,0.3153959313338207,0.5565466962040048,0.5277906445438777,-0.36202182125302856,1,1
node/262566445,Londis Off Licence,commercial stressful,shops,0.18425468903360687,0.3516966055495877,0.3116923004631277,-0.17572131997593923,1,1
node/263017298,5 Sapphires,commercial stressful,shops,0.37600482226027043,0.6735936720728448,0.521350145914487,-0.4756841946920056,1,1
node/263017299,Düzce Supermarket,commercial stressful,shops,0.3460703038439612,0.6221390769459938,0.5252961835367455,-0.4679504389921169,1,1
node/263017301,Stoke Newington Farmers' Market,commercial stressful,shops,0.152252176090579,0.2828820399121627,0.3042189509162407,-0.07334636732264647,1,1
node/263018277,Whole Foods Market,commercial stressful,shops,0.36279603179857167,0.5497027159803499,0.664179032909389,-0.17868518801256217,1,1
node/263018280,The Royal Bakery,commercial stressful,shops,0.3511232796622465,0.5854162679238823,0.5462704163339005,-0.23450517009645114,1,1
node/263018284,Hamdy's Newsagent,commercial stressful,shops,0.3885012259203331,0.6802036235700528,0.4844010065724743,-0.4172875094350397,1,1
node/264046250,Tesco Express,commercial stressful,shops,0.28562676851933017,0.46478484892359745,0.6272893929431177,-0.22523623303285242,1,1
node/264515623,Sainsbury's Local,commercial stressful,shops,0.294518337096179,0.4686133350989999,0.6733933104336178,-0.19677934655486226,1,1
node/264523231,M&S Simply Food,commercial stressful,shops,0.26392110362799426,0.42703971946328156,0.5790647805586028,-0.12981960263135048,1,1
node/264523233,Ole & Steen,commercial stressful,shops,0.20802459817994282,0.3380542926216441,0.45418601644884943,-0.14369809218363816,1,1
node/264803334,Didi & Franc,commercial stressful,shops,0.37061129956728545,0.6055316476828665,0.6112760533793715,-0.1934010179035726,1,1
node/265255750,"Drinks, Food And Wine",commercial stressful,shops,0.24274392704331046,0.4281677608886822,0.487409592393495,-0.25429275431528436,1,1
node/265662963,Screwfix,commercial stressful,shops,0.3461582249759979,0.5262680811037707,0.6734642336827705,-0.1538454544756548,1,1
node/266415275,Nisa Local,commercial stressful,shops,0.3552029679818304,0.5801813328414919,0.5780679617309661,-0.32076077574088396,1,1
node/266739707,Sutton Music Centre,commercial stressful,shops,0.36981044298176574,0.5914522203617772,0.42899983202556613,-0.2329366205991959,1,1
node/266743834,Day's Stores,commercial stressful,shops,0.33841393516197305,0.585228960997156,0.5497530230054746,-0.3834592078077335,1,1
node/266885460,Onslow Motors,commercial stressful,shops,0.15821043988139594,0.3377340633826946,0.22024038548519517,-0.1197278555210155,1,1
node/267432003,Tesco Express,commercial stressful,shops,0.2705390568081199,0.4350878544005015,0.6387673371540249,-0.26539976977063107,1,1
node/268123996,Cancer Research UK,commercial stressful,shops,0.1856358309440581,0.2283290374134485,0.24736940860943302,-0.11721178676657332,1,1
node/268124547,St Raphael's Hospice,commercial stressful,shops,0.15821043988139594,0.3377340633826946,0.19326269717542974,-0.05734695696014132,1,1
node/268124749,Save the Children,commercial stressful,shops,0.1864492421055877,0.3371080088709973,0.24853352451913713,-0.12440652817914519,1,1
node/268503198,Boots,commercial stressful,shops,0.36835299886996475,0.5416340349631833,0.6696359226206327,-0.16988320716611416,1,1
node/268545091,Wilton's Off Licence,commercial stressful,shops,0.4258998238962596,0.6648778432762266,0.5122514962370892,-0.3566120777421682,1,1
node/269146388,Plaistow Express,commercial stressful,shops,0.35165953553091195,0.6063128110774628,0.5242275101628177,-0.39682782213855033,1,1
node/269198265,Croydon Bookshop,commercial stressful,shops,0.15821043988139594,0.3377340633826946,0.19995011027273477,-0.09935710731415051,1,1
node/269198268,Hillside Motors,commercial stressful,shops,0.15821043988139594,0.3377340633826946,0.23757325420792447,0.009743105282628669,1,1
node/269198280,Afforde Doors,commercial stressful,shops,0.15821043988139594,0.3377340633826946,0.2030946842599862,-0.13447904856946782,1,1
node/269198291,Goodfellowes,commercial stressful,shops,0.2920083090404725,0.5129553224652695,0.464572603822618,-0.3136281721870395,1,1
node/269198293,Beni's Barbers,commercial stressful,shops,0.31652477961848746,0.5482920049482806,0.47251840663159805,-0.3526040877776222,1,1
node/269198294,Barn Garage,commercial stressful,shops,0.15821043988139594,0.3377340633826946,0.2200083634717582,-0.1470900493785546,1,1
node/269236121,Food City,commercial stressful,shops,0.3634849138035603,0.6343725333264211,0.6605143320827408,-0.34840640257225686,1,1
node/269346635,Hyside,commercial stressful,shops,0.1895073635223603,0.3431700130870276,0.2819213234434806,-0.11214985236749214,1,1
node/270175655,Tesco Express,commercial stressful,shops,0.24126295914039173,0.418322715549264,0.5444603898907525,-0.3325255938722224,1,1
node/272079218,Nisa Local,commercial stressful,shops,0.16573705486829823,0.29412602773267943,0.41681839350512423,-0.08387196756637036,1,1
node/272082978,The Optical Studio,commercial stressful,shops,0.160689164887058,0.29389065088926436,0.29010059146406963,-0.13112853500940794,1,1
node/275402055,Tachbrook Bakery & Patisserie,commercial stressful,shops,0.2974185208555974,0.5017717156712991,0.6003620296169558,-0.25266964936651914,1,1
node/275727982,M&S Simply Food,commercial stressful,shops,0.21002642089744086,0.32408793072018444,0.5510003677323986,-0.0235004071768591,1,1
node/276074178,Marks & Spencer,commercial stressful,shops,0.32072823703238335,0.5084597850688054,0.6361703082732753,-0.2536112459654302,1,1
node/276091364,Strawberry Local,commercial stressful,shops,0.16287174750593408,0.29857751346328465,0.4854035385670563,0.025547234288878055,1,1
node/276377474,Former Castle Bar,commercial stressful,shops,0.40682417915676455,0.6998257662002054,0.5361423363718514,-0.1998652118527388,1,1
node/166889543,FreeNow Driver Office,commercial stressful,offices,0.10967047439645033,0.21014360432998247,0.16859832941633138,-0.08421559836270438,1,1
node/169359416,Embassy of the Republic of North Macedonia,commercial stressful,offices,0.13414081323321136,0.18566475333147517,0.226508536981957,-0.08277872803519484,1,1
node/169461881,High Commission of Eswatini,commercial stressful,offices,0.28090444616617954,0.37947107056491003,0.5102589347064521,-0.2665377902552093,1,1
node/244428669,Heathside Estate Office,commercial stressful,offices,0.13472783193903665,0.24470650836975938,0.2751486679768424,-0.15094655918479305,1,1
node/255012047,Streathers Solicitors,commercial stressful,offices,0.31713707741132774,0.4917198511947308,0.5152320395755633,-0.32754824885038814,1,1
node/261700017,Job center,commercial stressful,offices,0.33709958654416156,0.5739373927936412,0.4172599600015372,-0.32407296495684806,1,1
node/266748378,citizens_advice_bureaux,commercial stressful,offices,0.10749308124882495,0.2083853102411957,0.20312539878570526,-0.10687108900714234,1,1
node/269198298,"Davis, Burton, Williams & Co.",commercial stressful,offices,0.31279928759140835,0.5335060773192858,0.44046260064830906,-0.30749236272142527,1,1
node/269198300,Goodfellows Estate Agents,commercial stressful,offices,0.29582759361527133,0.4902990281467032,0.457820912087085,-0.3826814103514526,1,1
node/273535349,Properteers Group,commercial stressful,offices,0.11389266498689234,0.20531495982488174,0.18372213683737518,-0.08479496061573563,1,1
node/276487550,Daniel Paul,commercial stressful,offices,0.3282997803348896,0.5164930717126395,0.4898087296588207,-0.33834373046273913,1,1
node/280380052,Arrivo,commercial stressful,offices,0.09176602069579531,0.19855736361180182,0.26253566291570263,-0.23910602684125254,1,1
node/292903048,Foxtons,commercial stressful,offices,0.16376315301208033,0.24556560846953743,0.23590591860142188,-0.11072635420493288,1,1
node/302397668,Winchester White,commercial stressful,offices,0.31024314081565535,0.5399008477696079,0.45885609845220904,-0.3592269747469395,1,1
node/302432873,Property World,commercial stressful,offices,0.2997754585074176,0.48067383951369935,0.5735112517958314,-0.3150626724363419,1,1
node/304994967,Steer Davies Gleave,commercial stressful,offices,0.36206006964092274,0.5958912801278131,0.4115722634175267,-0.3678323296224891,1,1
node/322270280,Faiz & Co Acountants,commercial stressful,offices,0.3299111690134142,0.572651594690494,0.4517122645236261,-0.3310502753249375,1,1
node/322270358,Woodward Estate Agents,commercial stressful,offices,0.33740639219389523,0.5366241176491207,0.48796917900781095,-0.4324361677179194,1,1
node/331880920,Upper Street Area Housing Office,commercial stressful,offices,0.2557385294526731,0.45313526776840723,0.36803794521165434,-0.25171434942403503,1,1
node/341127995,Dexters,commercial stressful,offices,0.3244734166359351,0.5226820934031683,0.44872436121090015,-0.341614995891089,1,1
node/348116256,Ginger Lettings,commercial stressful,offices,0.24399202692017602,0.4239838419555646,0.3706041001136346,-0.2660685080216446,1,1
node/352673234,Royal Society of Chemistry,commercial stressful,offices,0.13047862865402413,0.20447563724356144,0.32149136623823904,-0.04586962737895159,1,1
node/352673237,Linnean Society,commercial stressful,offices,0.13047862865402413,0.20447563724356144,0.2141311011550832,-0.1520590021315365,1,1
node/352673650,Geological Society,commercial stressful,offices,0.13047862865402413,0.20447563724356144,0.2198883395079493,-0.152896516573374,1,1
node/352673677,Society of Antiquaries,commercial stressful,offices,0.18353751628902754,0.22378412045880558,0.3212891682569007,-0.10601630947765711,1,1
node/352673909,Royal Astronomical Society,commercial stressful,offices,0.1726261559144043,0.17285142381446086,0.3299914031979528,-0.03642073846509223,1,1
node/354626600,Lost & Found,commercial stressful,offices,0.11389266498689234,0.20531495982488174,0.1938864855587044,-0.024703371430453716,1,1
node/356459052,Alex Neil Estate Agents,commercial stressful,offices,0.3446498279020619,0.5490266039397866,0.5747708465937245,-0.28218404206978404,1,1
node/357659306,Gehlbergs,commercial stressful,offices,0.09420723394217075,0.20448732257231111,0.16536330117482592,-0.10085885007210202,1,1
node/364548400,London Move,commercial stressful,offices,0.11367026751001647,0.22315111415326994,0.18745586051202107,-0.1536290404599332,1,1
node/368002358,Hill Dickinson,commercial stressful,offices,0.07595062356909768,0.13111835664836874,0.17984020901075853,-0.09216484850195053,1,1
node/369829172,Allen Robyn & Associates,commercial stressful,offices,0.09420723394217075,0.20448732257231111,0.161984074909616,-0.10113819588558821,1,1
node/369864922,Next Location,commercial stressful,offices,0.31418548001100977,0.5528531249807,0.4518369974966103,-0.435558417497778,1,1
node/369983232,Ernst & Co. Solicitors,commercial stressful,offices,0.356282175756059,0.6130987713681546,0.46360639213023686,-0.42485920259127014,1,1
node/369983276,Locus,commercial stressful,offices,0.31418548001100977,0.5528531249807,0.45786270322498757,-0.4359405663470633,1,1
node/371761555,Robinson & Kinrade,commercial stressful,offices,0.09420723394217075,0.20448732257231111,0.183233653169409,-0.16762745007213362,1,1
node/374237832,Barnes & Partners Solicitors,commercial stressful,offices,0.36771709111078643,0.6213625224332193,0.4636570247234257,-0.4043092634446587,1,1
node/379905682,St Ethelburga’s Centre for Reconciliation and Peace,commercial stressful,offices,0.11752420429031174,0.21102275577026305,0.23756020375763492,-0.1356251537779713,1,1
node/393464355,Dexters,commercial stressful,offices,0.20958067107533818,0.3627255560243795,0.3569728787679002,-0.29255399825854483,1,1
node/401529130,Everwell Chinese Medical Centre,commercial stressful,offices,0.28278295979093465,0.4895714741098082,0.48540657742286625,-0.33160289286626604,1,1
node/411096511,Peter Horada & Co Solicitors,commercial stressful,offices,0.1913081726296561,0.37174479033600216,0.27727819752215077,-0.19675898161507946,1,1
node/411115298,Neil O'sullivan & Associates,commercial stressful,offices,0.2050859720121569,0.37902238379170533,0.2906914265626321,-0.18216722763665616,1,1
node/418210035,Foxtons,commercial stressful,offices,0.31421780623056744,0.49866934486337533,0.4369395834334883,-0.3388049935784599,1,1
node/418214967,Stirling Ackroyd,commercial stressful,offices,0.30201700959381284,0.5243350331362623,0.401642399602282,-0.3452561310105363,1,1
node/420729588,Kinleigh Folkard & Hayward,commercial stressful,offices,0.11031005642911089,0.2227743970569862,0.26909165246784045,-0.013969512981571298,1,1
node/420729597,MK Law Solicitors,commercial stressful,offices,0.3220601714934734,0.55413904919691,0.4689669052102585,-0.39460103177762046,1,1
node/420752258,McQueen's,commercial stressful,offices,0.09420723394217075,0.20448732257231111,0.17321829651648876,-0.12217042501634948,1,1
node/420752268,Frazer Bradshaw Solicitors,commercial stressful,offices,0.11389266498689234,0.20531495982488174,0.21145722824210775,-0.11682794600408702,1,1
node/420752297,Hunters,commercial stressful,offices,0.13339771137718887,0.25102665605762897,0.2497468334816343,-0.0664198708212807,1,1
node/420752308,Falconwood Employment,commercial stressful,offices,0.1274083638107083,0.2752588807263514,0.11990365822466342,-0.08891855700391449,1,1
node/420771840,Your Move,commercial stressful,offices,0.27899600001996977,0.44890103008260546,0.4699988343271882,-0.34754272629338573,1,1
node/420771854,Karaman & Karaman,commercial stressful,offices,0.345281937662076,0.5339775763743113,0.54938071110674,-0.30383763118108625,1,1
node/420771867,Brownhill Insurance,commercial stressful,offices,0.3482275305517078,0.5820125859315649,0.4773550166225946,-0.31448717699836304,1,1
node/420771891,Truepennys,commercial stressful,offices,0.28969379733130807,0.5043428164018868,0.5881518015671197,-0.2624383389430456,1,1
node/420783200,Sinclair Hammelton,commercial stressful,offices,0.13996496204923278,0.26895266628872044,0.2710451792562035,-0.16551619993018274,1,1
node/420792054,Andrew Reeves,commercial stressful,offices,0.34310098004142003,0.5419749157646597,0.5569990304051897,-0.38296654738789987,1,1
node/427574846,NCVO,commercial stressful,offices,0.3748745172060844,0.587393990826388,0.5485272529210184,-0.3731931202694372,1,1
node/443289143,Martin's Properties,commercial stressful,offices,0.3836935375126974,0.6185461780870064,0.4390371106834855,-0.29313494188535444,1,1
node/443414513,Kaim Todner solicitors,commercial stressful,offices,0.3679270956758043,0.6296154276435807,0.4253984650393006,-0.3968922625853014,1,1
node/443418091,Ace Cars London Ltd,commercial stressful,offices,0.3014756630817355,0.5048222203269631,0.49476972616453474,-0.26969233853281926,1,1
node/448446347,Livermores,commercial stressful,offices,0.092804231937611,0.20015530469246984,0.1468016655009857,-0.1223569603543237,1,1
node/448446348,Clifton & Co,commercial stressful,offices,0.092804231937611,0.20015530469246984,0.17588459880502144,-0.05151129890491759,1,1
node/448525823,HRGO Recruitment,commercial stressful,offices,0.09420723394217075,0.20448732257231111,0.09231638056030125,-0.0629717819057184,1,1
node/450211894,Chesterons,commercial stressful,offices,0.2582672865950304,0.40223027749735596,0.5733956007198452,-0.07511979962736849,1,1
node/450211902,John D Wood & co,commercial stressful,offices,0.139122936393249,0.25879068220183377,0.3790786961670741,-0.007264840972411934,1,1
node/456034775,Charles Eden,commercial stressful,offices,0.3176262552355022,0.5214948227323133,0.47214339022603485,-0.3302358151925316,1,1
node/456065241,Proctors,commercial stressful,offices,0.3390543360518084,0.5443113654084223,0.5408937550442445,-0.3324385387661862,1,1
node/456384029,Winkworth,commercial stressful,offices,0.3567355525610068,0.5626812624067672,0.5056872030599886,-0.4100474364109935,1,1
node/460531080,Levenes,commercial stressful,offices,0.09420723394217075,0.20448732257231111,0.1839958471122951,-0.14455240471598954,1,1
node/462025259,Chestertons,commercial stressful,offices,0.30632605228033555,0.5067112774512378,0.4233907822169228,-0.39003795737724095,1,1
